id,titlu,valoare,data,tip,firma,cui,ofertanti
contract-2025-114195,Servicii de curatenie (Rev.2),2788008.96,2023-09-11,Licitatie deschisa,TOP A-Z CONCEPT S.R.L.,45058860,2
contract-2025-114194,Servicii de curatenie (Rev.2),11152035.84,2023-09-11,Licitatie deschisa,TOP A-Z CONCEPT S.R.L.,45058860,2
contract-2024-1080678590,Lucrari pentru conducte de alimentare cu apa (Rev.2),8643824.58,2024-09-24,Procedura simplificata,GPK INFRASTRUCTURE DESIGN,40092259,1
contract-2024-1080678591,Lucrari pentru conducte de alimentare cu apa (Rev.2),8643824.58,2024-09-24,Procedura simplificata,MORNINGSTAR CONSULTING,24206645,1
contract-2024-1080678592,Lucrari pentru conducte de alimentare cu apa (Rev.2),8643824.58,2024-09-24,Procedura simplificata,BETIRA CONSTRUCT,30520358,1
contract-2024-1080678593,Lucrari pentru conducte de alimentare cu apa (Rev.2),8643824.58,2024-09-24,Procedura simplificata,EURO EST GROUP S.R.L.,15049525,1
contract-2024-1081313500,Inchiriere de vehicule industriale cu sofer (Rev.2),199245.0,2024-11-21,Licitatie deschisa,AVALON UTILAJE,29256636,2
contract-2024-1081313510,Inchiriere de vehicule industriale cu sofer (Rev.2),286240.0,2024-11-21,Licitatie deschisa,BEPA CONSTRUCTII CIVILE,27019056,2
contract-2024-1081313520,Inchiriere de vehicule industriale cu sofer (Rev.2),157520.0,2024-11-21,Licitatie deschisa,NIPLICAD,26281970,2
contract-2024-1081313530,Inchiriere de vehicule industriale cu sofer (Rev.2),411600.0,2024-11-21,Licitatie deschisa,Societatea Agricola Orizont,8078978,2
contract-2024-1081313540,Inchiriere de vehicule industriale cu sofer (Rev.2),287240.0,2024-11-21,Licitatie deschisa,Val Cristi Construct Auto,19737276,2
contract-2024-1081313550,Inchiriere de vehicule industriale cu sofer (Rev.2),799880.0,2024-11-21,Licitatie deschisa,AVALON UTILAJE,29256636,2
contract-2024-1081313560,Inchiriere de vehicule industriale cu sofer (Rev.2),71908.0,2024-11-21,Licitatie deschisa,Val Cristi Construct Auto,19737276,2
contract-2024-1081313570,Inchiriere de vehicule industriale cu sofer (Rev.2),67091.0,2024-11-21,Licitatie deschisa,BEPA CONSTRUCTII CIVILE,27019056,2
contract-2024-1081313580,Inchiriere de vehicule industriale cu sofer (Rev.2),102456.0,2024-11-21,Licitatie deschisa,Societatea Agricola Orizont,8078978,2
contract-2024-1081313590,Inchiriere de vehicule industriale cu sofer (Rev.2),78760.0,2024-11-21,Licitatie deschisa,NIPLICAD,26281970,2
contract-2026-181042,Servicii de curatenie (Rev.2),3336165.9,2024-12-03,Licitatie deschisa,BEPA CONSTRUCTII CIVILE,27019056,2
contract-2026-181041,Servicii de curatenie (Rev.2),14580025.92,2024-12-03,Licitatie deschisa,BEPA CONSTRUCTII CIVILE,27019056,2
achizitie-directa-2025-2637,Publicatii periodice (Rev.2),66000.0,2025-01-08,,ASOCIATIA CENTRUL ROMAN PENTRU INITIATIVA SOCIALA,26181156,1
achizitie-directa-2025-6697,Servicii de furnizare de date (Rev.2),5400.0,2025-01-08,,COMPANY DATA SRL,24782214,1
achizitie-directa-2025-7219,Servicii de promovare (Rev.2),120000.0,2025-01-08,,INDOOR MEDIA GROUP,18436062,1
achizitie-directa-2025-12448,Servicii de reparare si intretinere (Rev.2),135000.0,2025-01-09,,ADLO PROCARS SRL,29496361,1
achizitie-directa-2025-23576,Servicii de intretinere a ascensoarelor (Rev.2),36056.0,2025-01-13,,OTIS LIFT S.R.L.,7782044,1
achizitie-directa-2025-29653,Servicii de asistenta si de consultanta informatica (Rev.2),5280.0,2025-01-14,,INTEGRISOFT SOLUTIONS,12448483,1
achizitie-directa-2025-29850,Lucrari de constructii de parcari (Rev.2),235000.0,2025-01-14,,Vice Com 95 S.R.L.,7637486,1
achizitie-directa-2025-34525,Diverse imprimate (Rev.2),34792.0,2025-01-14,,ROTAREXIM,1465985,1
achizitie-directa-2025-38546,Servicii de ajutor pentru utilizatori (Rev.2),192720.0,2025-01-15,,SOCIETATEA NATIONALA DE INFORMATICA,1556587,1
achizitie-directa-2025-40641,Lampi etanse (Rev.2),2436.54,2025-01-15,,TURBOTOP,22627540,1
achizitie-directa-2025-51666,Servicii de cadastru (Rev.2),270000.0,2025-01-16,,Constopograf Expert,25145252,1
achizitie-directa-2025-68364,Servicii de fotografie si servicii conexe (Rev.2),48000.0,2025-01-21,,ILIE GEORGIAN PERSOANĂ FIZICĂ AUTORIZATĂ,30277713,1
achizitie-directa-2025-69059,Servicii de topografie (Rev.2),270000.0,2025-01-21,,Constopograf Expert,25145252,1
achizitie-directa-2025-70407,Servicii de reparare si de intretinere a echipamentului de securitate (Rev.2),24000.0,2025-01-21,,PAN-NET,18675647,1
achizitie-directa-2025-70792,Reparare si intretinere a echipamentelor (Rev.2),48000.0,2025-01-21,,OPAX PROTECTION SYSTEMS,29587346,1
achizitie-directa-2025-70887,Servicii de intretinere a automobilelor (Rev.2),387.1,2025-01-21,,AUTO MARCU'S GRUP SA,86,1
achizitie-directa-2025-71408,Produse de curatenie (Rev.2),3486.0,2025-01-21,,KSA ROAD SERVICES,35253022,1
achizitie-directa-2025-75700,Ecusoane de identificare (Rev.2),208.25,2025-01-21,,Admiral Media,32146145,1
achizitie-directa-2025-79099,Servicii de arpentaj cadastral (Rev.2),270000.0,2025-01-22,,Constopograf Expert,25145252,1
achizitie-directa-2025-80581,Piatra de cariera si concasata (Rev.2),137750.0,2025-01-22,,GEMCO TRADE,31335227,1
achizitie-directa-2025-84785,Alte materiale de constructii diverse (Rev.2),79500.0,2025-01-22,,GENERAL UTIL CONS,34772064,1
achizitie-directa-2025-89386,Servicii de certificare a semnaturii electronice (Rev.2),285.0,2025-01-23,,CENTRUL DE CALCUL,2163993,1
achizitie-directa-2025-94517,Servicii de supraveghere a lucrarilor (Rev.2),14000.0,2025-01-27,,ALPHA CONSULT GENERAL,25188733,1
achizitie-directa-2025-115429,Servicii de intretinere a automobilelor (Rev.2),1443.55,2025-01-29,,AUTO MARCU'S GRUP SA,86,1
achizitie-directa-2025-119887,"Ziare, reviste specializate, periodice si reviste (Rev.2)",24000.0,2025-01-29,,WORLD GLOBAL MEDIA S.R.L.,44412011,1
achizitie-directa-2025-123923,Echipament de retea (Rev.2),166.38,2025-01-30,,DANTE INTERNATIONAL S.A.,14399840,1
achizitie-directa-2025-130585,Servicii de elaborare de studii (Rev.2),270000.0,2025-01-31,,PERCONS EU,25535239,1
achizitie-directa-2025-131563,Servicii de proiectare specializata (Rev.2),135000.0,2025-01-31,,CRISBO COMPANY,7954166,1
achizitie-directa-2025-139720,Servicii de reparare si de intretinere a automobilelor (Rev.2),1481.86,2025-02-03,,GI EUROSERVICE,19166285,1
achizitie-directa-2025-139803,Servicii de reparare si de intretinere a automobilelor (Rev.2),1632.31,2025-02-03,,GI EUROSERVICE,19166285,1
achizitie-directa-2025-147862,"Registre, registre contabile, clasoare, formulare si alte articole imprimate de ",4860.0,2025-02-03,,Dark Solutions,23255720,1
achizitie-directa-2025-152162,Servicii de intretinere a automobilelor (Rev.2),1518.61,2025-02-04,,AUTO MARCU'S GRUP SA,86,1
achizitie-directa-2025-152465,Servicii de consultanta in domeniul securitatii (Rev.2),86400.0,2025-02-04,,SSM FIRE CONSULTING,25336694,1
achizitie-directa-2025-160677,Articole si echipament de sport (Rev.2),873.1,2025-02-05,,ANASTASIA G.B. PRODCOM,4911926,1
achizitie-directa-2025-169758,Lucrari in lemn (Rev.2),290275.66,2025-02-06,,NICOLAS CONSTRUCT,24651529,1
achizitie-directa-2025-170844,Servicii de proiectare tehnica pentru infrastructura de transport (Rev.2),110000.0,2025-02-06,,MASTER SOLUTIONS TEAM,32099000,1
achizitie-directa-2025-172364,Servicii de consultanta in domeniul achizitiilor (Rev.2),81000.0,2025-02-06,,VITERI CONCEPT SOLUTIONS S.R.L.,50324046,1
achizitie-directa-2025-181852,Diverse articole (Rev.2),7506.67,2025-02-07,,DEDEMAN S.R.L.,2816464,1
achizitie-directa-2025-182057,Aditivi chimici (Rev.2),507.0,2025-02-07,,TURBOTOP,22627540,1
achizitie-directa-2025-189805,Servicii de inspectie si testare tehnica (Rev.2),53235.0,2025-02-10,,SC HEAT INSTAL SRL,23862510,1
achizitie-directa-2025-193520,Servicii legislative (Rev.2),4800.0,2025-02-14,,CENTRUL TERITORIAL DE CALCUL ELECTRONIC S.A.,2040729,1
achizitie-directa-2025-194698,Servicii de reparare si de intretinere a echipamentului de stingere a incendiilo,1602.0,2025-02-14,,PROTECT FIRE CONSULTING,31145826,1
achizitie-directa-2025-195226,Produse informative si de promovare (Rev.2),12475.0,2025-02-14,,ELLIS STORE CONCEPT,50893467,1
achizitie-directa-2025-199745,Panouri de informare (Rev.2),7000.0,2025-02-14,,INDOOR MEDIA GROUP,18436062,1
achizitie-directa-2025-216832,Servicii de intretinere a automobilelor (Rev.2),2413.26,2025-02-17,,AUTO MARCU'S GRUP SA,86,1
achizitie-directa-2025-220278,Diverse servicii de intretinere si de reparare (Rev.2),6000.0,2025-02-18,,SC HEAT INSTAL SRL,23862510,1
achizitie-directa-2025-220295,Servicii de cartografie aeriana (Rev.2),270000.0,2025-02-18,,Constopograf Expert,25145252,1
achizitie-directa-2025-234998,Servicii de inspectie tehnica (Rev.2),380.0,2025-02-19,,CARDEEMS,31074679,1
achizitie-directa-2025-235869,Camere video de securitate (Rev.2),8969.0,2025-02-19,,PAN-NET,18675647,1
achizitie-directa-2025-235902,Aparate de semnalizare acustica sau optica (Rev.2),16200.0,2025-02-19,,FLASHALARM ELECTRIC,18837943,1
achizitie-directa-2025-240729,Servicii de reparare si de intretinere a automobilelor (Rev.2),1220.7,2025-02-20,,GI EUROSERVICE,19166285,1
achizitie-directa-2025-240744,Servicii de reparare si de intretinere a automobilelor (Rev.2),308.19,2025-02-20,,GI EUROSERVICE,19166285,1
achizitie-directa-2025-245573,Servicii de intretinere a automobilelor (Rev.2),2271.06,2025-02-20,,AUTO MARCU'S GRUP SA,86,1
achizitie-directa-2025-249717,Uleiuri pentru motoare (Rev.2),192.88,2025-02-21,,TURBOTOP,22627540,1
achizitie-directa-2025-249970,"Hartie si carton fotosensibile, termosensibile sau termografice (Rev.2)",680.0,2025-02-21,,GEROM INTERNATIONAL PRODIMEX S.R.L.,4695288,1
achizitie-directa-2025-254291,Bariere de protectie (Rev.2),7300.0,2025-02-24,,S.C.FEROSTIL ART SRL,18760319,1
achizitie-directa-2025-259464,Servicii de intretinere a automobilelor (Rev.2),1105.44,2025-02-24,,AUTO MARCU'S GRUP SA,86,1
achizitie-directa-2025-259835,Accesorii electrice (Rev.2),2788.57,2025-02-24,,DEDEMAN S.R.L.,2816464,1
achizitie-directa-2025-261604,Piese pentru utilaje de exploatare miniera si in cariera si piese pentru masini ,2697.05,2025-02-24,,AROX EQUIPMENT SRL,23646540,1
contract-2025-79964,Motorina (Rev.2),2912710.0,2025-02-24,Licitatie deschisa,AUTOVEST,6836324,2
contract-2025-79965,Motorina (Rev.2),1456355.0,2025-02-24,Licitatie deschisa,AUTOVEST,6836324,2
achizitie-directa-2025-264435,Diverse articole (Rev.2),517.31,2025-02-25,,DEDEMAN S.R.L.,2816464,1
contract-2025-114196,Servicii de curatenie (Rev.2),2788008.96,2025-02-25,Licitatie deschisa,TOP A-Z CONCEPT S.R.L.,45058860,2
achizitie-directa-2025-272370,Servicii de reparare si de intretinere a automobilelor (Rev.2),1079.31,2025-02-26,,GI EUROSERVICE,19166285,1
achizitie-directa-2025-272377,Servicii de reparare si de intretinere a automobilelor (Rev.2),964.44,2025-02-26,,GI EUROSERVICE,19166285,1
achizitie-directa-2025-272590,Servicii de certificare a semnaturii electronice (Rev.2),650.0,2025-02-26,,CENTRUL DE CALCUL,2163993,1
achizitie-directa-2025-272782,Produse de curatenie (Rev.2),3647.0,2025-02-26,,KSA ROAD SERVICES,35253022,1
achizitie-directa-2025-272827,Servicii de reparare si de intretinere a autovehiculelor si a echipamentelor con,606.0,2025-02-26,,KSA ROAD SERVICES,35253022,1
achizitie-directa-2025-272845,Servicii de reparare si de intretinere a autovehiculelor si a echipamentelor con,1254.0,2025-02-26,,KSA ROAD SERVICES,35253022,1
achizitie-directa-2025-275100,Ferestre (Rev.2),2352.0,2025-02-26,,BEDRI CONSTRUCT INVEST,37154246,1
achizitie-directa-2025-282849,Produse de curatat pentru automobile (Rev.2),375.0,2025-02-27,,KSA ROAD SERVICES,35253022,1
achizitie-directa-2025-285530,Piese si accesorii pentru vehicule si pentru motoare de vehicule (Rev.2),5320.0,2025-02-27,,TEHNICAT SERVICE,48766364,1
achizitie-directa-2025-292187,Servicii de formare profesionala (Rev.2),800.0,2025-02-28,,COMPANIA STINGERI SI INTERVENTII S.A.,22072113,1
achizitie-directa-2025-297492,Diverse articole (Rev.2),402.23,2025-03-03,,DEDEMAN S.R.L.,2816464,1
achizitie-directa-2025-297761,Mobilier de birou (Rev.2),750.0,2025-03-03,,KSA ROAD SERVICES,35253022,1
achizitie-directa-2025-310481,Rafturi mobile (Rev.2),900.0,2025-03-04,,KSA ROAD SERVICES,35253022,1
achizitie-directa-2025-316779,Servicii de reparare si de intretinere a vehiculelor si a echipamentelor aferent,11314.45,2025-03-05,,IVECO TRUCK SERVICES,31625301,1
achizitie-directa-2025-322915,Diverse articole (Rev.2),208.69,2025-03-05,,DEDEMAN S.R.L.,2816464,1
achizitie-directa-2025-333798,Servicii de asigurare (Rev.2),6757.7,2025-03-06,,ZBK BALKAN S.A. BULGARIA SUCURSALA ROMANIA,35779982,1
achizitie-directa-2025-338857,Uleiuri pentru sisteme hidraulice si pentru alte utilizari (Rev.2),2049.21,2025-03-07,,TURBOTOP,22627540,1
achizitie-directa-2025-339042,Servicii de inspectie tehnica a automobilelor (Rev.2),167.98,2025-03-07,,CARDEEMS,31074679,1
achizitie-directa-2025-355642,Servicii de reparare si de intretinere a autovehiculelor si a echipamentelor con,6397.0,2025-03-11,,KSA ROAD SERVICES,35253022,1
achizitie-directa-2025-355688,Piese pentru utilaje de exploatare miniera si in cariera si piese pentru masini ,2300.0,2025-03-11,,TURBOTOP,22627540,1
achizitie-directa-2025-355856,"Piese de rezerva pentru vehiculele destinate transportului de marfuri, camionete",4604.41,2025-03-11,,TURBOTOP,22627540,1
achizitie-directa-2025-358513,Ziare (Rev.2),96000.0,2025-03-11,,Ziarul Semnal Enterprises,36352016,1
achizitie-directa-2025-360478,Servicii de intretinere a automobilelor (Rev.2),2254.1,2025-03-11,,AUTO MARCU'S GRUP SA,86,1
achizitie-directa-2025-361197,Servicii de formare profesionala (Rev.2),3480.0,2025-03-11,,EUROPROIECT ESTATE,24149442,1
achizitie-directa-2025-366485,Servicii de reparare si de intretinere a autovehiculelor si a echipamentelor con,3480.0,2025-03-12,,KSA ROAD SERVICES,35253022,1
achizitie-directa-2025-366531,Servicii de reparare si de intretinere a autovehiculelor si a echipamentelor con,1879.0,2025-03-12,,KSA ROAD SERVICES,35253022,1
achizitie-directa-2025-373136,Diverse servicii de intretinere si de reparare (Rev.2),14000.0,2025-03-13,,AUTOSIM ELECTRONIC S.R.L.,45536921,1
achizitie-directa-2025-373154,Materiale de stingere a incendiilor (Rev.2),834.0,2025-03-13,,ALEX COM -STING,16474353,1
achizitie-directa-2025-376196,Uleiuri pentru reductoare (Rev.2),291.85,2025-03-13,,TURBOTOP,22627540,1
achizitie-directa-2025-378581,Servicii de gestionare informatica (Rev.2),70800.0,2025-03-13,,EUROHOSTING,18545256,1
achizitie-directa-2025-381397,Servicii de certificare a semnaturii electronice (Rev.2),325.0,2025-03-13,,CENTRUL DE CALCUL,2163993,1
achizitie-directa-2025-391696,Servicii de intretinere a automobilelor (Rev.2),1584.91,2025-03-17,,AUTO MARCU'S GRUP SA,86,1
achizitie-directa-2025-396843,Servicii de curatare a canalelor de ape reziduale (Rev.2),270000.0,2025-03-17,,BETIRA CONSTRUCT,30520358,1
achizitie-directa-2025-403387,Servicii de medicina muncii (Rev.2),250.0,2025-03-18,,BELLE VIE MEDICAL SRL,30722900,1
achizitie-directa-2025-405752,Uniforme de politie (Rev.2),319.3,2025-03-18,,TACTICA OUTDOOR,34994508,1
achizitie-directa-2025-406721,Asfalt (Rev.2),690.76,2025-03-18,,DEDEMAN S.R.L.,2816464,1
achizitie-directa-2025-414289,Servicii de brokeraj de asigurari (Rev.2),4534.14,2025-03-19,,ZBK BALKAN S.A. BULGARIA SUCURSALA ROMANIA,35779982,1
achizitie-directa-2025-443714,Lucrari de marcaj rutier (Rev.2),180441.6,2025-03-24,,ANDUNA SERVIMOB,9666682,1
achizitie-directa-2025-444098,Articole de papetarie si alte articole din hartie (Rev.2),14063.63,2025-03-24,,GIORGIO 67 SERVICE S.R.L.,5539104,1
achizitie-directa-2025-445368,Servicii de analiza sau consultanta tehnica (Rev.2),30000.0,2025-03-24,,SPORT&LIGHT CONSULTING,41128644,1
achizitie-directa-2025-446005,Lucrari de vopsire (Rev.2),32558.05,2025-03-24,,STRABO COSTRUCTION & MENTENANCE,50464376,1
achizitie-directa-2025-452438,"Servicii de arhitectura, de inginerie si de planificare (Rev.2)",45000.0,2025-03-25,,EUROPROIECT UNIVERS S.R.L.,19172660,1
achizitie-directa-2025-454388,Servicii de reparare si de intretinere a autovehiculelor si a echipamentelor con,4092.36,2025-03-25,,EURIAL INVEST,5919480,1
achizitie-directa-2025-460287,Diverse articole (Rev.2),294.22,2025-03-26,,DEDEMAN S.R.L.,2816464,1
achizitie-directa-2025-461274,Servicii de reparare a automobilelor (Rev.2),1117.0,2025-03-26,,ONEDIA CAR SERVICE,28521297,1
achizitie-directa-2025-464428,Uleiuri pentru sisteme hidraulice si pentru alte utilizari (Rev.2),1557.0,2025-03-26,,TURBOTOP,22627540,1
achizitie-directa-2025-468725,Servicii de intretinere a automobilelor (Rev.2),4071.15,2025-03-27,,AUTO MARCU'S GRUP SA,86,1
achizitie-directa-2025-471588,Cartuse de toner (Rev.2),3867.32,2025-03-27,,ROSERVOTECH,15857245,1
achizitie-directa-2025-488342,Servicii de telecomunicatii (Rev.2),56700.0,2025-03-31,,PAN-NET,18675647,1
achizitie-directa-2025-488777,Felicitari (Rev.2),15750.0,2025-03-31,,INDOOR MEDIA GROUP,18436062,1
achizitie-directa-2025-489392,Lucrari de reparare a spatiilor de recreere (Rev.2),125000.0,2025-03-31,,SC CITY PARK SRL,33945345,1
achizitie-directa-2025-1746,Servicii de ambulanta (Rev.2),5600.0,2025-04-01,,ARON MEDICAL,36507889,1
achizitie-directa-2025-1960,Servicii de instalare de echipament de distributie a energiei electrice (Rev.2),3000.0,2025-04-01,,IDEAL - STAR ELECTRIC,31717448,1
achizitie-directa-2025-34094,Servicii de consultanta in protectia contra riscurilor si in controlul riscurilo,8500.0,2025-04-03,,FOCUS RISK S.R.L.,42708003,1
achizitie-directa-2025-58023,Pachete software de gestionare a investitiilor (Rev.2),2300.0,2025-04-08,,INTERSOFT START SOLUTIONS SRL,33322231,1
achizitie-directa-2025-63186,Lucrari de vopsire (Rev.2),89500.0,2025-04-08,,STRABO COSTRUCTION & MENTENANCE,50464376,1
achizitie-directa-2025-63314,Diverse articole (Rev.2),5667.19,2025-04-08,,DEDEMAN S.R.L.,2816464,1
achizitie-directa-2025-73272,Diverse articole (Rev.2),117.64,2025-04-09,,DEDEMAN S.R.L.,2816464,1
achizitie-directa-2025-97268,Filtre de aspiratie a aerului (Rev.2),1262.02,2025-04-11,,TURBOTOP,22627540,1
achizitie-directa-2025-100395,Piese si accesorii pentru vehicule si pentru motoare de vehicule (Rev.2),15270.0,2025-04-11,,DAF INTERNATIONAL PROFESSIONAL S.R.L.,45501605,1
achizitie-directa-2025-105529,Servicii de reparare si de intretinere a automobilelor (Rev.2),219.07,2025-04-14,,GI EUROSERVICE,19166285,1
achizitie-directa-2025-113210,Servicii de reparare si de intretinere a autovehiculelor si a echipamentelor con,1209.0,2025-04-14,,KSA ROAD SERVICES,35253022,1
achizitie-directa-2025-121494,Diverse articole (Rev.2),423.84,2025-04-15,,DEDEMAN S.R.L.,2816464,1
achizitie-directa-2025-124544,Uleiuri pentru sisteme hidraulice si pentru alte utilizari (Rev.2),1284.1,2025-04-15,,TURBOTOP,22627540,1
achizitie-directa-2025-130950,Servicii generale de consultanta in management (Rev.2),30000.0,2025-04-16,,RICON CONSULTING S.R.L.,23246919,1
achizitie-directa-2025-136869,Servicii de transport rutier specializat de pasageri (Rev.2),96000.0,2025-04-16,,LUCA F BOGDAN,39256277,1
achizitie-directa-2025-140382,Servicii de reparare si de intretinere a automobilelor (Rev.2),219.07,2025-04-17,,GI EUROSERVICE,19166285,1
achizitie-directa-2025-143221,Produse de curatenie (Rev.2),6281.0,2025-04-17,,KSA ROAD SERVICES,35253022,1
achizitie-directa-2025-144043,Servicii de reparare si de intretinere a grupurilor de refrigerare (Rev.2),100000.0,2025-04-17,,ADLO PROCARS SRL,29496361,1
achizitie-directa-2025-150100,Servicii de arhivare computerizata (Rev.2),135000.0,2025-04-23,,PRO ARHIVE MANAGEMENT,35666380,1
achizitie-directa-2025-150402,Servicii de ambulanta (Rev.2),2800.0,2025-04-23,,ARON MEDICAL,36507889,1
achizitie-directa-2025-151733,Acumulatori electrici (Rev.2),625.0,2025-04-23,,KSA ROAD SERVICES,35253022,1
achizitie-directa-2025-156781,Servicii de evacuare a apelor reziduale (Rev.2),4000.0,2025-04-23,,Eco Public,19123039,1
achizitie-directa-2025-165685,Lucrari de montaj (Rev.2),26496.0,2025-04-24,,NICOLAS CONSTRUCT,24651529,1
achizitie-directa-2025-175154,Lucrari de montaj (Rev.2),39022.08,2025-04-28,,KSA ROAD SERVICES,35253022,1
achizitie-directa-2025-193862,Diverse articole (Rev.2),2013.95,2025-04-29,,DEDEMAN S.R.L.,2816464,1
achizitie-directa-2025-193997,Pneuri pentru autovehicule (Rev.2),1940.0,2025-04-29,,KSA ROAD SERVICES,35253022,1
achizitie-directa-2025-203951,Lucrari de amenajare a terenului (Rev.2),187248.6,2025-04-30,,SC CITY PARK SRL,33945345,1
achizitie-directa-2025-204095,Servicii de brokeraj de asigurari (Rev.2),14877.09,2025-04-30,,ZBK BALKAN S.A. BULGARIA SUCURSALA ROMANIA,35779982,1
achizitie-directa-2025-218498,Servicii de verificare a proiectelor de structuri portante (Rev.2),4500.0,2025-05-05,,OPIUM OFFICE CONSULTING,32265200,1
achizitie-directa-2025-222535,Servicii de consultanta financiara (Rev.2),240000.0,2025-05-05,,IFNCONS MEDIA,16016984,1
achizitie-directa-2025-229541,Servicii de reparare si de intretinere a autovehiculelor si a echipamentelor con,3200.0,2025-05-06,,KSA ROAD SERVICES,35253022,1
achizitie-directa-2025-229860,Servicii de reparare si de intretinere a autovehiculelor si a echipamentelor con,550.0,2025-05-06,,KSA ROAD SERVICES,35253022,1
achizitie-directa-2025-245030,Limitatoare de viteza (Rev.2),29000.0,2025-05-07,,COMINDFLEX,1393676,1
achizitie-directa-2025-261985,Bolturi si suruburi (Rev.2),2697.2,2025-05-09,,DEDEMAN S.R.L.,2816464,1
achizitie-directa-2025-272476,Uleiuri pentru sisteme hidraulice si pentru alte utilizari (Rev.2),4355.2,2025-05-12,,TURBOTOP,22627540,1
achizitie-directa-2025-295878,Computer de birou (Rev.2),1535.0,2025-05-14,,PROBITZ,13434567,1
achizitie-directa-2025-296565,Monitoare (Rev.2),566.38,2025-05-14,,FANPLACE iT SRL,31962960,1
achizitie-directa-2025-296963,Servicii de intretinere a automobilelor (Rev.2),2464.1,2025-05-14,,AUTO MARCU'S GRUP SA,86,1
achizitie-directa-2025-299789,Cabluri de comunicatii (Rev.2),204.96,2025-05-14,,FANPLACE iT SRL,31962960,1
achizitie-directa-2025-309602,Servicii de certificare a semnaturii electronice (Rev.2),285.0,2025-05-15,,CENTRUL DE CALCUL,2163993,1
achizitie-directa-2025-309671,Echipamente de protectie (Rev.2),507.0,2025-05-15,,TACTICA OUTDOOR,34994508,1
achizitie-directa-2025-312792,Servicii de reparare si de intretinere a autovehiculelor si a echipamentelor con,5522.47,2025-05-15,,EURIAL INVEST,5919480,1
achizitie-directa-2025-314989,Servicii de evacuare a apelor reziduale (Rev.2),1500.0,2025-05-15,,Eco Public,19123039,1
achizitie-directa-2025-317311,Servicii de proiectare tehnica pentru infrastructura de transport (Rev.2),115500.0,2025-05-16,,STANGER DESIGN SRL,40412167,1
contract-2025-115829,Lucrari de constructii de canalizare de ape reziduale (Rev.2),7920929.76,2025-05-16,Procedura simplificata,SC OMNI CONSTRUCT LOGISTIC S.R.L.,32194177,1
achizitie-directa-2025-336471,Servicii de reparare si de intretinere a automobilelor (Rev.2),779.94,2025-05-20,,GI EUROSERVICE,19166285,1
achizitie-directa-2025-336482,Servicii de reparare si de intretinere a automobilelor (Rev.2),1138.41,2025-05-20,,GI EUROSERVICE,19166285,1
achizitie-directa-2025-337834,Produse de curatenie (Rev.2),3600.0,2025-05-20,,KSA ROAD SERVICES,35253022,1
achizitie-directa-2025-341823,Lucrari de reparare a drumurilor (Rev.2),28119.22,2025-05-20,,SAGA INFRASTRUCTURA,32184793,1
achizitie-directa-2025-344097,Servicii generale de consultanta in management (Rev.2),180000.0,2025-05-20,,CXB CONSULTING & TECHNICAL SUPPORT,25837539,1
achizitie-directa-2025-354447,Servicii de reparare si de intretinere a automobilelor (Rev.2),1776.69,2025-05-21,,GI EUROSERVICE,19166285,1
achizitie-directa-2025-374760,Servicii de intretinere a automobilelor (Rev.2),545.5,2025-05-23,,AUTO MARCU'S GRUP SA,86,1
achizitie-directa-2025-383034,Imprimante laser (Rev.2),2714.26,2025-05-26,,PMC GROUP DISTRIBUTIE S.R.L.,17116469,1
achizitie-directa-2025-386671,Cartuse de toner (Rev.2),1392.7,2025-05-26,,DNS BIROTICA,16310679,1
contract-2025-135151,Servicii de paza (Rev.2),4984891.57,2025-05-26,Licitatie deschisa,Sicuro Invest,6879473,2
contract-2025-135150,Servicii de paza (Rev.2),10047147.84,2025-05-26,Licitatie deschisa,Sicuro Invest,6879473,2
achizitie-directa-2025-388304,Servicii de internet (Rev.2),14160.0,2025-05-27,,PAN-NET,18675647,1
achizitie-directa-2025-391697,Servicii de supraveghere a lucrarilor (Rev.2),50000.0,2025-05-27,,ALPHA CONSULT GENERAL,25188733,1
achizitie-directa-2025-397304,Servicii de reparare si de intretinere a vehiculelor si a echipamentelor aferent,3835.32,2025-05-27,,IVECO TRUCK SERVICES,31625301,1
achizitie-directa-2025-402872,Servicii de proiectare tehnica pentru infrastructura de transport (Rev.2),10000.0,2025-05-28,,RHEEA CONSTRUCTION S.R.L.,47379122,1
achizitie-directa-2025-405545,Produse de curatat pentru automobile (Rev.2),300.0,2025-05-28,,KSA ROAD SERVICES,35253022,1
achizitie-directa-2025-408274,Servicii de reparare si de intretinere a vehiculelor si a echipamentelor aferent,1691.32,2025-05-28,,IVECO TRUCK SERVICES,31625301,1
achizitie-directa-2025-411543,Servicii de certificare a semnaturii electronice (Rev.2),4600.0,2025-05-29,,CENTRUL DE CALCUL,2163993,1
achizitie-directa-2025-413761,Servicii de tiparire si de livrare (Rev.2),0.01,2025-05-29,,PLUXEE ROMANIA,11071295,1
achizitie-directa-2025-421925,Cabine (Rev.2),35000.0,2025-05-30,,GENERAL UTIL CONS,34772064,1
achizitie-directa-2025-426481,Servicii de reparare a automobilelor (Rev.2),6682.32,2025-05-30,,ONEDIA CAR SERVICE,28521297,1
achizitie-directa-2025-441573,Servicii de analiza sau consultanta tehnica (Rev.2),66000.0,2025-06-03,,PERCONS EU,25535239,1
achizitie-directa-2025-442921,Servicii de certificare a semnaturii electronice (Rev.2),325.0,2025-06-03,,CENTRUL DE CALCUL,2163993,1
achizitie-directa-2025-446183,Servicii de inspectie tehnica a automobilelor (Rev.2),210.0,2025-06-03,,CARDEEMS,31074679,1
achizitie-directa-2025-448454,Uleiuri pentru motoare (Rev.2),351.1,2025-06-03,,TURBOTOP,22627540,1
achizitie-directa-2025-453541,Servicii de reparare si de intretinere a automobilelor (Rev.2),1336.93,2025-06-04,,GI EUROSERVICE,19166285,1
achizitie-directa-2025-454414,Computere portabile (Rev.2),2166.37,2025-06-04,,FANPLACE iT SRL,31962960,1
achizitie-directa-2025-468381,Servicii de medicina muncii (Rev.2),500.0,2025-06-05,,BELLE VIE MEDICAL SRL,30722900,1
achizitie-directa-2025-470524,Formulare (Rev.2),18839.49,2025-06-06,,GIORGIO 67 SERVICE S.R.L.,5539104,1
achizitie-directa-2025-475536,Servicii de arhitectura pentru spatii exterioare (Rev.2),59500.0,2025-06-06,,EUROPROIECT UNIVERS S.R.L.,19172660,1
achizitie-directa-2025-476830,Ziare (Rev.2),108000.0,2025-06-06,,Prestige Events,26120590,1
achizitie-directa-2025-478530,Servicii de actualizare informatica (Rev.2),45600.0,2025-06-10,,INDOOR MEDIA GROUP,18436062,1
achizitie-directa-2025-491238,Produse de curatenie (Rev.2),2283.6,2025-06-11,,DNS BIROTICA,16310679,1
achizitie-directa-2025-496502,Servicii de reparare si de intretinere a vehiculelor si a echipamentelor aferent,3825.42,2025-06-11,,IVECO TRUCK SERVICES,31625301,1
achizitie-directa-2025-506729,Servicii de reparare si de intretinere a autovehiculelor si a echipamentelor con,2030.0,2025-06-12,,KSA ROAD SERVICES,35253022,1
achizitie-directa-2025-508806,Produse de curatenie (Rev.2),3462.0,2025-06-12,,KSA ROAD SERVICES,35253022,1
achizitie-directa-2025-509507,Lucrari de constructii de canalizari de ape pluviale (Rev.2),263976.0,2025-06-13,,BETIRA CONSTRUCT,30520358,1
achizitie-directa-2025-509506,Servicii de reparare si de intretinere a automobilelor (Rev.2),4563.29,2025-06-13,,GI EUROSERVICE,19166285,1
achizitie-directa-2025-510675,Servicii de reparare si de intretinere a automobilelor (Rev.2),1176.02,2025-06-13,,GI EUROSERVICE,19166285,1
achizitie-directa-2025-517695,Materiale publicitare (Rev.2),25000.0,2025-06-16,,INDOOR MEDIA GROUP,18436062,1
achizitie-directa-2025-527938,Lampi etanse (Rev.2),516.6,2025-06-17,,TURBOTOP,22627540,1
achizitie-directa-2025-529819,Servicii de asistenta si de consultanta informatica (Rev.2),105780.0,2025-06-17,,INTEGRISOFT SOLUTIONS,12448483,1
achizitie-directa-2025-534365,Utilaje agricole si forestiere pentru pregatirea sau cultivarea solului (Rev.2),285.71,2025-06-17,,GEO AUTO AGRO,26697077,1
achizitie-directa-2025-535330,"Piese de schimb mecanice, altele decat motoare si piese de motoare (Rev.2)",1230.76,2025-06-17,,TURBOTOP,22627540,1
achizitie-directa-2025-545933,"Pietris, nisip, piatra concasata si agregate (Rev.2)",270000.0,2025-06-18,,GEMCO TRADE,31335227,1
achizitie-directa-2025-550334,Servicii de reparare si de intretinere a automobilelor (Rev.2),714.28,2025-06-19,,GI EUROSERVICE,19166285,1
achizitie-directa-2025-551523,Diverse articole (Rev.2),972.6,2025-06-19,,DEDEMAN S.R.L.,2816464,1
achizitie-directa-2025-552093,Pietris (Rev.2),269920.0,2025-06-19,,GEMCO TRADE,31335227,1
achizitie-directa-2025-553533,Uniforme de politie (Rev.2),167.23,2025-06-19,,TACTICA OUTDOOR,34994508,1
achizitie-directa-2025-561841,Servicii de supraveghere a lucrarilor (Rev.2),10000.0,2025-06-20,,ALPHA CONSULT GENERAL,25188733,1
achizitie-directa-2025-576566,Servicii de consultanta privind gestionarea proiectelor (Rev.2),250000.0,2025-06-24,,CREATIVE PEOPLE,39329387,1
achizitie-directa-2025-587377,Servicii de evacuare a apelor reziduale (Rev.2),8600.0,2025-06-25,,Eco Public,19123039,1
achizitie-directa-2025-587756,Servicii de instalare de echipament de distributie a energiei electrice (Rev.2),4000.0,2025-06-25,,IDEAL - STAR ELECTRIC,31717448,1
achizitie-directa-2025-595660,Servicii de intretinere a automobilelor (Rev.2),347.11,2025-06-26,,AUTO MARCU'S GRUP SA,86,1
achizitie-directa-2025-610038,Publicatii periodice (Rev.2),48000.0,2025-06-30,,Semnal.EU,51649500,1
achizitie-directa-2025-611715,Servicii de reparare si de intretinere a autovehiculelor si a echipamentelor con,576.0,2025-06-30,,KSA ROAD SERVICES,35253022,1
contract-2025-13878,Servicii de intretinere a iluminatului public (Rev.2),7149763.25,2025-07-01,Licitatie deschisa,ELECTROCONS GROUP PROIECT INT'L,15475580,2
contract-2025-13877,Servicii de intretinere a iluminatului public (Rev.2),7149763.25,2025-07-01,Licitatie deschisa,CORVIN DESIGN,24299482,2
achizitie-directa-2025-11027,Servicii de reparare si de intretinere a autovehiculelor si a echipamentelor con,1647.0,2025-07-02,,KSA ROAD SERVICES,35253022,1
achizitie-directa-2025-11047,Servicii de reparare si de intretinere a autovehiculelor si a echipamentelor con,2310.0,2025-07-02,,KSA ROAD SERVICES,35253022,1
achizitie-directa-2025-16996,Servicii de spalare a automobilelor si servicii similare (Rev.2),225408.0,2025-07-02,,FAST NEW PRINT SERVICES S.R.L.,43154577,1
achizitie-directa-2025-26716,Echipament de retea (Rev.2),430.25,2025-07-04,,FANPLACE iT SRL,31962960,1
achizitie-directa-2025-26718,Componente de retea (Rev.2),73.94,2025-07-04,,FANPLACE iT SRL,31962960,1
achizitie-directa-2025-35522,Servicii de intretinere a automobilelor (Rev.2),282.31,2025-07-07,,AUTO MARCU'S GRUP SA,86,1
achizitie-directa-2025-35585,Servicii de certificare a semnaturii electronice (Rev.2),125.0,2025-07-07,,CENTRUL DE CALCUL,2163993,1
achizitie-directa-2025-35952,Aditivi chimici (Rev.2),507.0,2025-07-07,,TURBOTOP,22627540,1
achizitie-directa-2025-46686,Piese si accesorii pentru fotocopiatoare (Rev.2),857.0,2025-07-08,,Modserv Impex,17258404,1
achizitie-directa-2025-48318,"Diverse franghii, funii, sfori si plase (Rev.2)",10027.0,2025-07-08,,SC ROMNETS CORPORATION SRL,33529670,1
achizitie-directa-2025-53945,Servicii de reparare a automobilelor (Rev.2),498.22,2025-07-09,,ONEDIA CAR SERVICE,28521297,1
achizitie-directa-2025-53976,Produse de curatenie (Rev.2),4357.0,2025-07-09,,KSA ROAD SERVICES,35253022,1
achizitie-directa-2025-75172,Uleiuri pentru motoare (Rev.2),1038.0,2025-07-14,,TURBOTOP,22627540,1
contract-2025-37371,Lucrari de arhitectura peisagistica a parcurilor (Rev.2),14088258.9,2025-07-14,Procedura simplificata,SC OLTENIA GARDEN SRL,11289053,1
contract-2025-37370,Lucrari de arhitectura peisagistica a parcurilor (Rev.2),14088258.9,2025-07-14,Procedura simplificata,ACG CONSTRUCTION & PROJECTS,17351537,1
achizitie-directa-2025-82012,Aparate de aer conditionat (Rev.2),1760.0,2025-07-15,,ADLO PROCARS SRL,29496361,1
achizitie-directa-2025-89890,Piese si accesorii pentru vehicule si pentru motoare de vehicule (Rev.2),1070.0,2025-07-15,,TEHNICAT SERVICE,48766364,1
achizitie-directa-2025-107341,Lucrari de structuri metalice (Rev.2),35600.0,2025-07-18,,Vice Com 95 S.R.L.,7637486,1
achizitie-directa-2025-108126,Servicii de intretinere a automobilelor (Rev.2),2034.78,2025-07-18,,AUTO MARCU'S GRUP SA,86,1
achizitie-directa-2025-112577,Servicii de reparare si de intretinere a autovehiculelor si a echipamentelor con,1877.0,2025-07-21,,KSA ROAD SERVICES,35253022,1
achizitie-directa-2025-112651,Produse de curatat pentru automobile (Rev.2),375.0,2025-07-21,,KSA ROAD SERVICES,35253022,1
achizitie-directa-2025-123502,Servicii de certificare a semnaturii electronice (Rev.2),125.0,2025-07-22,,CENTRUL DE CALCUL,2163993,1
achizitie-directa-2025-143065,Servicii de consultanta in domeniul evaluarii (Rev.2),269990.0,2025-07-24,,SC FOCUS COMPANY CONSULTING CCN SRL,26057280,1
achizitie-directa-2025-143201,Servicii de reparare si intretinere (Rev.2),8459.87,2025-07-24,,TEHNICAT SERVICE,48766364,1
achizitie-directa-2025-144706,Diverse articole (Rev.2),3697.48,2025-07-25,,DEDEMAN S.R.L.,2816464,1
achizitie-directa-2025-145299,Servicii de reparare si de intretinere a automobilelor (Rev.2),823.89,2025-07-25,,GI EUROSERVICE,19166285,1
achizitie-directa-2025-146474,Servicii de brokeraj de asigurari (Rev.2),3871.96,2025-07-25,,ZBK BALKAN S.A. BULGARIA SUCURSALA ROMANIA,35779982,1
achizitie-directa-2025-151253,Servicii de reparare si de intretinere a echipamentului video (Rev.2),114000.0,2025-07-28,,PAN-NET,18675647,1
achizitie-directa-2025-153663,Lucrari de reparare a spatiilor de recreere (Rev.2),30970.0,2025-07-28,,NICOLAS CONSTRUCT,24651529,1
contract-2025-58068,Lucrari de constructii de scoli gimnaziale (Rev.2),29508940.74,2025-07-29,Licitatie deschisa,SANTIA PARTNER CONSTRUCT,27702350,2
contract-2025-58069,Lucrari de constructii de scoli gimnaziale (Rev.2),29508940.74,2025-07-29,Licitatie deschisa,YARDMAN,28250562,2
contract-2025-58067,Lucrari de constructii de scoli gimnaziale (Rev.2),29508940.74,2025-07-29,Licitatie deschisa,ALA EXPERT CONSTRUCT,30056330,2
achizitie-directa-2025-167573,"Registre, registre contabile, clasoare, formulare si alte articole imprimate de ",2170.0,2025-07-30,,Dark Solutions,23255720,1
achizitie-directa-2025-171197,Aditivi chimici (Rev.2),507.0,2025-07-30,,TURBOTOP,22627540,1
achizitie-directa-2025-178989,Servicii de reparare si de intretinere a automobilelor (Rev.2),1953.82,2025-07-31,,GI EUROSERVICE,19166285,1
achizitie-directa-2025-179089,Echipament rutier (Rev.2),22305.36,2025-07-31,,AXICO GRUP,24385699,1
achizitie-directa-2025-192273,Cabluri de conectare (Rev.2),63.03,2025-08-04,,EPSILON,8077425,1
achizitie-directa-2025-199743,Servicii de intretinere a automobilelor (Rev.2),993.06,2025-08-05,,AUTO MARCU'S GRUP SA,86,1
achizitie-directa-2025-199905,Cititoare de carduri inteligente (Rev.2),126.0,2025-08-05,,DATABASE PRO,23744204,1
achizitie-directa-2025-209411,Servicii de reparare a automobilelor (Rev.2),1637.04,2025-08-07,,ONEDIA CAR SERVICE,28521297,1
achizitie-directa-2025-209471,Cartuse de toner (Rev.2),2266.46,2025-08-07,,ROMSYSTEMS,15437993,1
achizitie-directa-2025-217127,Servicii de intretinere a automobilelor (Rev.2),1045.18,2025-08-08,,AUTO MARCU'S GRUP SA,86,1
achizitie-directa-2025-218687,Perii (Rev.2),1236.0,2025-08-08,,VirComEm,7010885,1
achizitie-directa-2025-220919,Baterii (Rev.2),2450.0,2025-08-11,,KSA ROAD SERVICES,35253022,1
achizitie-directa-2025-225059,Servicii de publicitate (Rev.2),239.67,2025-08-11,,Rofusion Advertising,38547529,1
achizitie-directa-2025-226609,Lucrari de reparatii generale si de renovare (Rev.2),239900.0,2025-08-11,,A.F. CONSULTING,12972517,1
achizitie-directa-2025-230055,Placute indicatoare (Rev.2),4038.0,2025-08-12,,DV PROD MEDIA,15143068,1
achizitie-directa-2025-235381,Servicii de reparare si de intretinere a autovehiculelor si a echipamentelor con,3812.0,2025-08-13,,KSA ROAD SERVICES,35253022,1
achizitie-directa-2025-241823,Echipament periferic (Rev.2),209.7,2025-08-14,,FLAX COMPUTERS S.R.L.,14639030,1
achizitie-directa-2025-242825,"Servicii de reparare a pneurilor, inclusiv montare si echilibrare (Rev.2)",1200.0,2025-08-14,,LUKA NIKAT UTILAJE,36689322,1
achizitie-directa-2025-245218,Servicii de inspectie si testare tehnica (Rev.2),420.0,2025-08-14,,CARDEEMS,31074679,1
achizitie-directa-2025-246077,Echipament de incalzire centrala (Rev.2),6300.0,2025-08-14,,SC HEAT INSTAL SRL,23862510,1
achizitie-directa-2025-246374,Servicii de consultanta in domeniul achizitiilor (Rev.2),85000.0,2025-08-14,,VITERI CONCEPT SOLUTIONS S.R.L.,50324046,1
achizitie-directa-2025-250386,Servicii de supraveghere a santierului (Rev.2),246850.0,2025-08-18,,RALEX PROIECT CONSTRUCT,29101593,1
achizitie-directa-2025-253599,Servicii de consultanta in protectia contra incendiilor si a exploziilor si in c,64020.0,2025-08-19,,PROTECT FIRE CONSULTING,31145826,1
achizitie-directa-2025-253651,Hidranti (Rev.2),35640.0,2025-08-19,,PROTECT FIRE CONSULTING,31145826,1
achizitie-directa-2025-255215,Produse de curatenie (Rev.2),2992.0,2025-08-19,,KSA ROAD SERVICES,35253022,1
achizitie-directa-2025-259650,Servicii de expertiza (Rev.2),75000.0,2025-08-19,,Capital Grup Instal,20434446,1
achizitie-directa-2025-265191,Servicii de intretinere a automobilelor (Rev.2),1701.62,2025-08-20,,AUTO MARCU'S GRUP SA,86,1
achizitie-directa-2025-279238,Pneuri pentru autovehicule (Rev.2),3000.0,2025-08-25,,KSA ROAD SERVICES,35253022,1
achizitie-directa-2025-283417,Servicii de intretinere a automobilelor (Rev.2),732.23,2025-08-25,,AUTO MARCU'S GRUP SA,86,1
achizitie-directa-2025-287475,Lucrari de vopsire (Rev.2),80000.0,2025-08-26,,STRABO COSTRUCTION & MENTENANCE,50464376,1
achizitie-directa-2025-294382,Vaselina (Rev.2),2998.86,2025-08-27,,TURBOTOP,22627540,1
achizitie-directa-2025-297911,Diverse articole (Rev.2),1958.18,2025-08-27,,DEDEMAN S.R.L.,2816464,1
achizitie-directa-2025-310437,Pneuri pentru autovehicule (Rev.2),2170.0,2025-08-29,,KSA ROAD SERVICES,35253022,1
achizitie-directa-2025-322582,Servicii generale de consultanta in management (Rev.2),50000.0,2025-09-02,,FINANCE PUBLIC CONSULTING,47236831,1
achizitie-directa-2025-326962,Cititoare de carduri inteligente (Rev.2),1098.0,2025-09-02,,SOFA SOFT,9601390,1
achizitie-directa-2025-343336,Transport de pasageri ocazional (Rev.2),23460.0,2025-09-04,,SC Do&Do Silver Sprint SRL,26167585,1
achizitie-directa-2025-343382,Transport de pasageri ocazional (Rev.2),28635.0,2025-09-04,,SC Do&Do Silver Sprint SRL,26167585,1
achizitie-directa-2025-343418,Transport de pasageri ocazional (Rev.2),110400.0,2025-09-04,,SC Do&Do Silver Sprint SRL,26167585,1
contract-2025-103429,Lucrari de constructii de gradinite (Rev.2),24742834.32,2025-09-05,Licitatie deschisa,ROMCO SYSTEM S.R.L.,15315902,2
contract-2025-103428,Lucrari de constructii de gradinite (Rev.2),24742834.32,2025-09-05,Licitatie deschisa,GLOBEXTERRA,28610220,2
achizitie-directa-2025-374926,Servicii de medicina muncii (Rev.2),38920.0,2025-09-10,,BELLE VIE MEDICAL SRL,30722900,1
achizitie-directa-2025-376451,"Servicii de colectare, de transport si de eliminare a deseurilor spitalicesti (R",4095.0,2025-09-10,,CARTOGATE GROUP S.R.L.,14950892,1
achizitie-directa-2025-376892,Servicii de instalare de echipament de distributie a energiei electrice (Rev.2),2000.0,2025-09-10,,IDEAL - STAR ELECTRIC,31717448,1
achizitie-directa-2025-377046,Servicii de ambulanta (Rev.2),3200.0,2025-09-10,,ARON MEDICAL,36507889,1
achizitie-directa-2025-380697,Servicii de evacuare a apelor reziduale (Rev.2),3500.0,2025-09-10,,Eco Public,19123039,1
achizitie-directa-2025-382440,Camere video (Rev.2),11223.0,2025-09-10,,POLITES ONLINE SRL,34846331,1
achizitie-directa-2025-386724,Pachete software de proiectare asistata de calculator (CAD) (Rev.2),6025.0,2025-09-11,,NOICONSTRUIM.RO,16230359,1
achizitie-directa-2025-396693,Aditivi chimici (Rev.2),507.0,2025-09-12,,TURBOTOP,22627540,1
achizitie-directa-2025-396736,Servicii de reparare si de intretinere a tahometrelor (Rev.2),909.09,2025-09-12,,TACHONAN SERVICE S.R.L.,8893970,1
achizitie-directa-2025-401416,Monitoare (Rev.2),537.81,2025-09-15,,FANPLACE iT SRL,31962960,1
achizitie-directa-2025-412012,Servicii de reparare si de intretinere a automobilelor (Rev.2),431.8,2025-09-16,,GI EUROSERVICE,19166285,1
achizitie-directa-2025-412029,Servicii de reparare si de intretinere a automobilelor (Rev.2),1917.33,2025-09-16,,GI EUROSERVICE,19166285,1
achizitie-directa-2025-415022,Servicii de brokeraj de asigurari (Rev.2),79.8,2025-09-16,,ZBK BALKAN S.A. BULGARIA SUCURSALA ROMANIA,35779982,1
achizitie-directa-2025-415221,Servicii de audit informatic (Rev.2),75000.0,2025-09-16,,FINANCE PUBLIC CONSULTING,47236831,1
achizitie-directa-2025-443344,Scanere (Rev.2),2486.41,2025-09-19,,FANPLACE iT SRL,31962960,1
achizitie-directa-2025-447227,Servicii de proiectare tehnica pentru infrastructura de transport (Rev.2),85600.0,2025-09-22,,RHEEA CONSTRUCTION S.R.L.,47379122,1
achizitie-directa-2025-479118,Servicii de certificare a semnaturii electronice (Rev.2),325.0,2025-09-25,,CENTRUL DE CALCUL,2163993,1
achizitie-directa-2025-486937,Diverse articole (Rev.2),1748.76,2025-09-26,,DEDEMAN S.R.L.,2816464,1
achizitie-directa-2025-498808,Produse de curatenie (Rev.2),4040.0,2025-09-29,,KSA ROAD SERVICES,35253022,1
achizitie-directa-2025-499233,Produse de curatat pentru automobile (Rev.2),600.0,2025-09-29,,KSA ROAD SERVICES,35253022,1
achizitie-directa-2025-503398,Servicii de reparare si intretinere (Rev.2),13715.67,2025-09-29,,TEHNICAT SERVICE,48766364,1
achizitie-directa-2025-507255,Servicii de proiectare tehnica pentru constructia de lucrari publice (Rev.2),211200.0,2025-09-30,,VEST INSTAL S.R.L.,18991887,1
achizitie-directa-2025-507403,Piese si accesorii pentru vehicule si pentru motoare de vehicule (Rev.2),3181.0,2025-09-30,,KSA ROAD SERVICES,35253022,1
achizitie-directa-2025-507564,Servicii de reparare si de intretinere a vehiculelor si a echipamentelor aferent,1187.41,2025-09-30,,TITAN MACHINERY ROMANIA,29352595,1
achizitie-directa-2025-10631,Servicii de consultanta in domeniul achizitiilor (Rev.2),104000.0,2025-10-02,,PERCONS EU,25535239,1
achizitie-directa-2025-19677,Servicii generale de consultanta in management (Rev.2),100000.0,2025-10-02,,CREATIVE PEOPLE,39329387,1
achizitie-directa-2025-19721,Rafturi de carti (Rev.2),3437.06,2025-10-02,,FRAMEWORKS,17523870,1
achizitie-directa-2025-36864,Servicii de brokeraj de asigurari (Rev.2),3144.76,2025-10-06,,ZBK BALKAN S.A. BULGARIA SUCURSALA ROMANIA,35779982,1
achizitie-directa-2025-57743,"Registre, registre contabile, clasoare, formulare si alte articole imprimate de ",5545.0,2025-10-09,,Dark Solutions,23255720,1
achizitie-directa-2025-86474,Consultanta in afaceri si in management si servicii conexe (Rev.2),230000.0,2025-10-14,,FLEXABILITY MANAGEMENT,19179498,1
achizitie-directa-2025-86672,Servicii de supraveghere a santierului (Rev.2),216500.0,2025-10-14,,RALEX PROIECT CONSTRUCT,29101593,1
achizitie-directa-2025-86792,Servicii de auditare financiara (Rev.2),30000.0,2025-10-14,,GHE STUBEANU 2000 SRL,12780287,1
achizitie-directa-2025-89380,Servicii de reparare si de intretinere a automobilelor (Rev.2),2278.65,2025-10-14,,GI EUROSERVICE,19166285,1
achizitie-directa-2025-96828,"Ferestre, usi si articole conexe (Rev.2)",10230.0,2025-10-15,,ADLO PROCARS SRL,29496361,1
achizitie-directa-2025-98012,Servicii de asistenta tehnica (Rev.2),10000.0,2025-10-15,,LEGAL ASSISTANCE,21293787,1
achizitie-directa-2025-102034,Servicii de intretinere a automobilelor (Rev.2),1223.18,2025-10-16,,AUTO MARCU'S GRUP SA,86,1
achizitie-directa-2025-102050,Servicii de intretinere a automobilelor (Rev.2),1222.72,2025-10-16,,AUTO MARCU'S GRUP SA,86,1
achizitie-directa-2025-106965,Imprimate la comanda (Rev.2),747.0,2025-10-16,,BIROTICIENII S.R.L.,33911008,1
achizitie-directa-2025-108035,Cartuse de toner (Rev.2),1579.2,2025-10-17,,FANPLACE iT SRL,31962960,1
achizitie-directa-2025-116448,Servicii de consultanta privind gestionarea proiectelor (Rev.2),150000.0,2025-10-20,,FINANCE PUBLIC CONSULTING,47236831,1
achizitie-directa-2025-116577,Servicii de auditare financiara (Rev.2),30000.0,2025-10-20,,GHE STUBEANU 2000 SRL,12780287,1
achizitie-directa-2025-120775,Servicii de campanii de publicitate (Rev.2),60000.0,2025-10-20,,INDOOR MEDIA GROUP,18436062,1
achizitie-directa-2025-128613,Servicii de brokeraj de asigurari (Rev.2),3983.89,2025-10-21,,ZBK BALKAN S.A. BULGARIA SUCURSALA ROMANIA,35779982,1
achizitie-directa-2025-130839,Indicatoare rutiere (Rev.2),88885.0,2025-10-21,,GEROM INTERNATIONAL PRODIMEX S.R.L.,4695288,1
achizitie-directa-2025-131068,Lichide pentru uz hidraulic (Rev.2),3123.5,2025-10-21,,WURTH ROMANIA S.R.L.,5175127,1
achizitie-directa-2025-141531,Lucrari de constructii de conducte de alimentare cu gaz (Rev.2),21172.0,2025-10-22,,TEHNOSERVICE ACTIV INSTAL,37006983,1
achizitie-directa-2025-148114,Produse antigel (Rev.2),759.2,2025-10-23,,TURBOTOP,22627540,1
achizitie-directa-2025-153608,Produse de curatenie (Rev.2),4117.0,2025-10-24,,KSA ROAD SERVICES,35253022,1
achizitie-directa-2025-159349,Pneuri pentru autovehicule (Rev.2),2500.0,2025-10-27,,KSA ROAD SERVICES,35253022,1
achizitie-directa-2025-161218,Servicii de proiectare tehnica pentru constructia de lucrari publice (Rev.2),252500.0,2025-10-27,,GPK INFRASTRUCTURE DESIGN,40092259,1
achizitie-directa-2025-162579,"Servicii de reparare a pneurilor, inclusiv montare si echilibrare (Rev.2)",1650.0,2025-10-27,,LUKA NIKAT UTILAJE,36689322,1
achizitie-directa-2025-177252,Servicii de brokeraj de asigurari (Rev.2),3563.12,2025-10-29,,ZBK BALKAN S.A. BULGARIA SUCURSALA ROMANIA,35779982,1
achizitie-directa-2025-177634,Module solare fotovoltaice (Rev.2),13590.0,2025-10-29,,PAN-NET,18675647,1
achizitie-directa-2025-186560,Servicii de reparare si de intretinere a echipamentului de stingere a incendiilo,5585.0,2025-10-30,,PROTECT FIRE CONSULTING,31145826,1
achizitie-directa-2025-189397,Servicii de campanii de publicitate (Rev.2),30000.0,2025-10-31,,INDOOR MEDIA GROUP,18436062,1
achizitie-directa-2025-190829,Aditivi chimici (Rev.2),507.0,2025-10-31,,TURBOTOP,22627540,1
achizitie-directa-2025-203111,"Studii de fezabilitate, servicii de consultanta, analize (Rev.2)",125000.0,2025-11-03,,KOMORA ENGINEERING S.R.L.,32815436,1
achizitie-directa-2025-210774,Ornamente (Rev.2),164700.0,2025-11-04,,SAMTEC MONDO TECHNOLOGY INDUSTRY S.R.L.,49195789,1
achizitie-directa-2025-239349,Monitoare (Rev.2),801.64,2025-11-07,,FANPLACE iT SRL,31962960,1
achizitie-directa-2025-243238,Computer de birou (Rev.2),2512.4,2025-11-07,,PROBITZ,13434567,1
achizitie-directa-2025-243281,Cartuse de toner (Rev.2),1568.83,2025-11-07,,SCHWARZ GRUPPE INT,31055634,1
achizitie-directa-2025-245077,Servicii de certificare a semnaturii electronice (Rev.2),650.0,2025-11-07,,CENTRUL DE CALCUL,2163993,1
achizitie-directa-2025-245511,"Pregatire de proiecte si proiectare, estimare a costurilor (Rev.2)",246000.0,2025-11-07,,MIRON COM,5537626,1
achizitie-directa-2025-261331,Sistem de contabilitate (Rev.2),70000.0,2025-11-11,,SOCIETATEA NATIONALA DE INFORMATICA,1556587,1
achizitie-directa-2025-267214,Supraveghere a lucrarilor de constructii (Rev.2),198000.0,2025-11-11,,HENTZA CONSULTING,49783681,1
achizitie-directa-2025-267271,Supraveghere a lucrarilor de constructii (Rev.2),49000.0,2025-11-11,,HENTZA PROPERTIES,49514381,1
achizitie-directa-2025-272443,Unitati de hard disk (Rev.2),511.66,2025-11-12,,ROSERVOTECH,15857245,1
achizitie-directa-2025-273581,Servicii de brokeraj de asigurari (Rev.2),1667.8,2025-11-12,,ZBK BALKAN S.A. BULGARIA SUCURSALA ROMANIA,35779982,1
achizitie-directa-2025-277963,Servicii de intretinere a automobilelor (Rev.2),2451.51,2025-11-12,,AUTO MARCU'S GRUP SA,86,1
achizitie-directa-2025-278690,Uleiuri pentru motoare (Rev.2),259.5,2025-11-12,,TURBOTOP,22627540,1
achizitie-directa-2025-279339,Servicii de consultanta in protectia contra riscurilor si in controlul riscurilo,8500.0,2025-11-12,,FOCUS RISK S.R.L.,42708003,1
achizitie-directa-2025-283211,Servicii de proiectare a sistemelor de energie electrica (Rev.2),270000.0,2025-11-13,,GREEN DEVELOPMENT SOLUTIONS AND MANAGEMENT S.R.L.,28072147,1
achizitie-directa-2025-302080,Servicii de proiectare arhitecturala (Rev.2),270000.0,2025-11-17,,PANORAMIC CONCEPT CONS,37655409,1
achizitie-directa-2025-305372,Cabine (Rev.2),17500.0,2025-11-17,,GENERAL UTIL CONS,34772064,1
achizitie-directa-2025-305970,Produse de curatat pentru automobile (Rev.2),750.0,2025-11-17,,KSA ROAD SERVICES,35253022,1
achizitie-directa-2025-308125,Pneuri pentru autovehicule (Rev.2),3260.0,2025-11-17,,KSA ROAD SERVICES,35253022,1
contract-2025-1081314850,Inchiriere de vehicule industriale cu sofer (Rev.2),204549.0,2025-11-18,Licitatie deschisa,AVALON UTILAJE,29256636,2
contract-2025-1081315410,Inchiriere de vehicule industriale cu sofer (Rev.2),75255.0,2025-11-18,Licitatie deschisa,Val Cristi Construct Auto,19737276,2
contract-2025-1081315510,Inchiriere de vehicule industriale cu sofer (Rev.2),69263.0,2025-11-18,Licitatie deschisa,BEPA CONSTRUCTII CIVILE,27019056,2
contract-2025-1081315840,Inchiriere de vehicule industriale cu sofer (Rev.2),109265.0,2025-11-18,Licitatie deschisa,Societatea Agricola Orizont,8078978,2
achizitie-directa-2025-322421,Dispozitiv de distrugere a documentelor (Rev.2),322.61,2025-11-19,,DANTE INTERNATIONAL S.A.,14399840,1
achizitie-directa-2025-327460,Sisteme si dispozitive de supraveghere si de securitate (Rev.2),34355.37,2025-11-19,,OPTIC HOUSE TRANSILVANIA,37951668,1
achizitie-directa-2025-327998,Servicii de reparare si de intretinere a automobilelor (Rev.2),6060.77,2025-11-19,,TIRIAC AUTO S.R.L.,11331727,1
achizitie-directa-2025-330947,Servicii de reparare si de intretinere a grupurilor de refrigerare (Rev.2),1225.0,2025-11-19,,CLIMTEH S.R.L.,7742,1
achizitie-directa-2025-332308,Pachete software de proiectare asistata de calculator (CAD) (Rev.2),4957.0,2025-11-19,,NOICONSTRUIM.RO,16230359,1
achizitie-directa-2025-332784,Servicii de reparare si intretinere (Rev.2),720.0,2025-11-20,,GDM Repair,47094311,1
achizitie-directa-2025-334204,Servicii de intretinere a automobilelor (Rev.2),3866.97,2025-11-20,,AUTO MARCU'S GRUP SA,86,1
achizitie-directa-2025-335880,Produse de curatenie (Rev.2),4476.0,2025-11-20,,KSA ROAD SERVICES,35253022,1
achizitie-directa-2025-338767,Servicii de reparare si de intretinere a autovehiculelor si a echipamentelor con,800.0,2025-11-20,,KSA ROAD SERVICES,35253022,1
achizitie-directa-2025-339083,Uleiuri pentru motoare (Rev.2),1038.0,2025-11-20,,TURBOTOP,22627540,1
achizitie-directa-2025-343387,Piese si accesorii pentru fotocopiatoare (Rev.2),859.0,2025-11-21,,Modserv Impex,17258404,1
achizitie-directa-2025-349181,Lucrari de montaj (Rev.2),26496.0,2025-11-21,,NICOLAS CONSTRUCT,24651529,1
achizitie-directa-2025-377611,Pneuri pentru autovehicule (Rev.2),1103.29,2025-11-26,,TIRES AND PARTS,35056829,1
achizitie-directa-2025-393653,Extinctoare (Rev.2),1043.0,2025-11-27,,GIMAR STINGSERV,15175418,1
achizitie-directa-2025-411757,Servicii de reparare si de intretinere a automobilelor (Rev.2),1077.23,2025-12-02,,GI EUROSERVICE,19166285,1
achizitie-directa-2025-420929,Inchiriere de vehicule industriale cu sofer (Rev.2),63008.0,2025-12-02,,NIPLICAD,26281970,1
achizitie-directa-2025-420997,Inchiriere de vehicule industriale cu sofer (Rev.2),63520.0,2025-12-02,,Green Space Art,34596758,1
achizitie-directa-2025-422686,Pneuri pentru autovehicule (Rev.2),3900.0,2025-12-03,,KSA ROAD SERVICES,35253022,1
achizitie-directa-2025-425512,Servicii de asistenta si de consultanta informatica (Rev.2),6042.1,2025-12-03,,INTEGRISOFT SOLUTIONS,12448483,1
achizitie-directa-2025-426249,Servicii de brokeraj de asigurari (Rev.2),6711.82,2025-12-03,,ZBK BALKAN S.A. BULGARIA SUCURSALA ROMANIA,35779982,1
achizitie-directa-2025-431623,Sisteme de navigare si de pozitionare globala (GPS sau echivalente) (Rev.2),3188.16,2025-12-03,,ETA  AUTOMATIZARI INDUSTRIALE  S.R.L,6825562,1
achizitie-directa-2025-433808,Servicii de proiectare a conductelor (Rev.2),75000.0,2025-12-03,,TOTAL WATER DESIGN,36751076,1
achizitie-directa-2025-433949,Servicii de inspectie si testare tehnica (Rev.2),14300.0,2025-12-03,,TEHNOSERVICE ACTIV INSTAL,37006983,1
contract-2026-3957,Lucrari de reparatii generale si de renovare (Rev.2),12671650.0,2025-12-03,Procedura simplificata,CRIA GENERAL CONSTRUCT,41011023,1
contract-2026-3959,Lucrari de reparatii generale si de renovare (Rev.2),12671650.0,2025-12-03,Procedura simplificata,GRI CONSTRUCT ACM S.R.L.,41497242,1
contract-2026-3958,Lucrari de reparatii generale si de renovare (Rev.2),12671650.0,2025-12-03,Procedura simplificata,DORBASTI CONSTRUCT SRL,37920815,1
achizitie-directa-2025-437552,Racorduri (Rev.2),1773.5,2025-12-04,,WINTER COM S.R.L.,7702347,1
achizitie-directa-2025-438971,Servicii de proiectare tehnica pentru infrastructura de transport (Rev.2),265000.0,2025-12-04,,RALEX PROIECT CONSTRUCT,29101593,1
achizitie-directa-2025-445048,Servicii de certificare a semnaturii electronice (Rev.2),3175.0,2025-12-04,,CENTRUL DE CALCUL,2163993,1
achizitie-directa-2025-454629,Felicitari (Rev.2),13300.0,2025-12-05,,INDOOR MEDIA GROUP,18436062,1
achizitie-directa-2025-461546,Servicii de elaborare de studii (Rev.2),30000.0,2025-12-08,,RHEEA CONSTRUCTION S.R.L.,47379122,1
achizitie-directa-2025-462176,Uleiuri pentru motoare (Rev.2),770.1,2025-12-08,,TURBOTOP,22627540,1
achizitie-directa-2025-463280,Furtunuri (Rev.2),5416.34,2025-12-08,,APR INOVAFLEX,37215327,1
achizitie-directa-2025-474799,Cartuse de toner (Rev.2),1813.89,2025-12-09,,FANPLACE iT SRL,31962960,1
achizitie-directa-2025-484219,Dulciuri (Rev.2),8442.0,2025-12-09,,SELGROS CASH&CARRY SRL,11805367,1
achizitie-directa-2025-484277,Servicii de reparare si de intretinere a vehiculelor si a echipamentelor aferent,3555.25,2025-12-09,,TITAN MACHINERY ROMANIA,29352595,1
achizitie-directa-2025-485064,Servicii artistice (Rev.2),6000.0,2025-12-10,,NEWLINE MUSIC S.R.L.,18470480,1
achizitie-directa-2025-492313,Servicii de brokeraj de asigurari (Rev.2),12315.25,2025-12-10,,ZBK BALKAN S.A. BULGARIA SUCURSALA ROMANIA,35779982,1
achizitie-directa-2025-510151,Diverse produse alimentare (Rev.2),589.31,2025-12-11,,SELGROS CASH&CARRY SRL,11805367,1
achizitie-directa-2025-511019,Aditivi chimici (Rev.2),845.0,2025-12-11,,TURBOTOP,22627540,1
contract-2025-113859,Amenajare si intretinere de spatii verzi (Rev.2),4615582.88,2025-12-11,Licitatie deschisa,DAV  GARDEN & SERVICE,28167751,2
achizitie-directa-2025-513300,Servicii pentru evenimente (Rev.2),600.0,2025-12-12,,HAHAHA SRL,38846954,1
achizitie-directa-2025-528215,Servicii de certificare a semnaturii electronice (Rev.2),2345.0,2025-12-15,,CENTRUL DE CALCUL,2163993,1
achizitie-directa-2025-542102,Diverse articole (Rev.2),3419.77,2025-12-16,,DEDEMAN S.R.L.,2816464,1
achizitie-directa-2025-544559,Produse de curatenie (Rev.2),4098.0,2025-12-16,,KSA ROAD SERVICES,35253022,1
achizitie-directa-2025-578634,Diverse servicii de dezvoltare de software si sisteme informatice (Rev.2),35000.0,2025-12-19,,INTEGRISOFT SOLUTIONS,12448483,1
achizitie-directa-2025-586755,Servicii de conceptie tehnica (Rev.2),155000.0,2025-12-22,,MASTER SOLUTIONS TEAM,32099000,1
achizitie-directa-2025-595269,Acumulatori electrici (Rev.2),4186.76,2025-12-24,,FANPLACE iT SRL,31962960,1
achizitie-directa-2025-596211,Uleiuri pentru motoare (Rev.2),105.33,2025-12-29,,TURBOTOP,22627540,1
achizitie-directa-2025-597378,Pneuri pentru autovehicule (Rev.2),2880.0,2025-12-29,,KSA ROAD SERVICES,35253022,1
achizitie-directa-2025-597389,Servicii de reparare si de intretinere a autovehiculelor si a echipamentelor con,3640.0,2025-12-29,,KSA ROAD SERVICES,35253022,1
achizitie-directa-2026-17785,Servicii de promovare (Rev.2),132000.0,2026-01-12,,INDOOR MEDIA GROUP,18436062,1
achizitie-directa-2026-20053,Publicatii periodice (Rev.2),72000.0,2026-01-12,,ASOCIATIA CENTRUL ROMAN PENTRU INITIATIVA SOCIALA,26181156,1
achizitie-directa-2026-20824,Servicii de intretinere a ascensoarelor (Rev.2),39044.0,2026-01-13,,OTIS LIFT S.R.L.,7782044,1
achizitie-directa-2026-23237,Servicii de reparare si de intretinere a automobilelor (Rev.2),2336.36,2026-01-13,,GI EUROSERVICE,19166285,1
achizitie-directa-2026-24875,Senzori (Rev.2),4494.7,2026-01-13,,TURBOTOP,22627540,1
achizitie-directa-2026-43829,Servicii de monitorizare a sistemelor de alarma (Rev.2),2880.0,2026-01-16,,SSG SELECT SOLUTIONS,36563420,1
achizitie-directa-2026-55866,Servicii de ajutor pentru utilizatori (Rev.2),212000.0,2026-01-20,,SOCIETATEA NATIONALA DE INFORMATICA,1556587,1
achizitie-directa-2026-61121,Servicii de reparare si de intretinere a vehiculelor si a echipamentelor aferent,392.47,2026-01-20,,TITAN MACHINERY ROMANIA,29352595,1
achizitie-directa-2026-72894,Imprimante laser (Rev.2),13909.0,2026-01-22,,ITG ONLINE,34198965,1
achizitie-directa-2026-81261,Reparare si intretinere a centralelor termice (Rev.2),6456.21,2026-01-23,,CENTRAL SERVICE INSTAL,19222172,1
achizitie-directa-2026-81335,Acumulatori electrici (Rev.2),2878.0,2026-01-23,,TEHNICAT SERVICE,48766364,1
achizitie-directa-2026-85471,Dispozitive de stocare cu memorie flash (Rev.2),278.6,2026-01-26,,FANPLACE iT SRL,31962960,1
achizitie-directa-2026-87235,Scanere (Rev.2),1657.89,2026-01-26,,FANPLACE iT SRL,31962960,1
achizitie-directa-2026-94095,Servicii legislative (Rev.2),8988.0,2026-01-27,,WOLTERS KLUWER ROMANIA S.R.L.,8451308,1
achizitie-directa-2026-94608,Servicii de intretinere a automobilelor (Rev.2),2124.27,2026-01-27,,AUTO MARCU'S GRUP SA,86,1
achizitie-directa-2026-98904,"Ziare, reviste specializate, periodice si reviste (Rev.2)",24000.0,2026-01-27,,WORLD GLOBAL MEDIA S.R.L.,44412011,1
achizitie-directa-2026-100682,Servicii de curatare a cuptoarelor si a semineelor (Rev.2),4900.0,2026-01-27,,SC HEAT INSTAL SRL,23862510,1
achizitie-directa-2026-100767,Servicii de reparare si de intretinere a echipamentului de distributie electrica,1400.0,2026-01-27,,SC HEAT INSTAL SRL,23862510,1
achizitie-directa-2026-102028,Scaune cu rotile (Rev.2),12148.65,2026-01-28,,FANPLACE iT SRL,31962960,1
achizitie-directa-2026-103589,Servicii de intretinere a automobilelor (Rev.2),624.8,2026-01-28,,AUTO MARCU'S GRUP SA,86,1
achizitie-directa-2026-107378,Servicii de estimare (Rev.2),115000.0,2026-01-28,,SC FOCUS COMPANY CONSULTING CCN SRL,26057280,1
achizitie-directa-2026-107413,Servicii postale (Rev.2),150000.0,2026-01-28,,COMPANIA NATIONALA POSTA ROMANA S.A.,427410,1
achizitie-directa-2026-119204,Publicatii periodice (Rev.2),70000.0,2026-01-30,,Semnal.EU,51649500,1
achizitie-directa-2026-126162,Sticla izolanta (Rev.2),1350.0,2026-02-02,,BEDRI CONSTRUCT INVEST,37154246,1
achizitie-directa-2026-127921,Servicii de intretinere a automobilelor (Rev.2),719.54,2026-02-02,,AUTO MARCU'S GRUP SA,86,1
achizitie-directa-2026-132696,Servicii de fotografie si servicii conexe (Rev.2),66000.0,2026-02-02,,ILIE GEORGIAN PERSOANĂ FIZICĂ AUTORIZATĂ,30277713,1
achizitie-directa-2026-138891,Imprimante laser (Rev.2),1238.84,2026-02-03,,MEDA CONSULT,15730038,1
contract-2026-80115,Vehicule electrice (Rev.2),2656673.0,2026-02-04,Licitatie deschisa,QUANTUM AUTO MAX,48590798,2
achizitie-directa-2026-154664,Servicii de furnizare de date (Rev.2),5390.0,2026-02-05,,COMPANY DATA SRL,24782214,1
achizitie-directa-2026-163730,Servicii tipografice si servicii conexe (Rev.2),25400.0,2026-02-06,,BLITZ PRINT,15757246,1
achizitie-directa-2026-166563,Servicii de proiectare tehnica pentru constructia de lucrari publice (Rev.2),270000.0,2026-02-06,,MASTER SOLUTIONS TEAM,32099000,1
achizitie-directa-2026-176143,Servicii de inspectie si testare tehnica (Rev.2),55908.0,2026-02-09,,SC HEAT INSTAL SRL,23862510,1
achizitie-directa-2026-177433,Servicii de proiectare a conductelor (Rev.2),17000.0,2026-02-10,,GPT PIPE PLAN,40012187,1
achizitie-directa-2026-177449,Servicii de proiectare a conductelor (Rev.2),13000.0,2026-02-10,,GPT PIPE PLAN,40012187,1
achizitie-directa-2026-177486,Servicii de proiectare a conductelor (Rev.2),13000.0,2026-02-10,,GPT PIPE PLAN,40012187,1
achizitie-directa-2026-177510,Servicii de inspectie si testare tehnica (Rev.2),420.0,2026-02-10,,CARDEEMS,31074679,1
achizitie-directa-2026-181330,Produse informative si de promovare (Rev.2),4130.0,2026-02-10,,ALPHA SHOT SRL,33933162,1
achizitie-directa-2026-185650,Cabluri de conectare (Rev.2),49.23,2026-02-11,,ROSERVOTECH,15857245,1
achizitie-directa-2026-197510,Servicii de consultanta in domeniul securitatii (Rev.2),95040.0,2026-02-12,,SSM FIRE CONSULTING,25336694,1
achizitie-directa-2026-203198,Servicii de consultanta in domeniul achizitiilor (Rev.2),100000.0,2026-02-13,,PERCONS EU,25535239,1
achizitie-directa-2026-203922,Piese si accesorii pentru vehicule si pentru motoare de vehicule (Rev.2),1865.0,2026-02-13,,TURBOTOP,22627540,1
achizitie-directa-2026-208231,"Bibliorafturi, mape de corespondenta, clasoare si articole similare (Rev.2)",4380.0,2026-02-16,,PROF PRINT,30153510,1
achizitie-directa-2026-255020,Servicii de consultanta in domeniul achizitiilor (Rev.2),90000.0,2026-02-24,,PERCONS EU,25535239,1
achizitie-directa-2026-262473,Produse de curatat pentru automobile (Rev.2),1125.0,2026-02-25,,KSA ROAD SERVICES,35253022,1
achizitie-directa-2026-262512,Produse de curatenie (Rev.2),3580.0,2026-02-25,,KSA ROAD SERVICES,35253022,1
achizitie-directa-2026-268813,Telefoane cu fax (Rev.2),359.14,2026-02-26,,FANPLACE iT SRL,31962960,1
achizitie-directa-2026-272564,Servicii de reparare si de intretinere a echipamentului de securitate (Rev.2),70200.0,2026-02-26,,Quick Service,4998931,1
contract-2026-181043,Servicii de curatenie (Rev.2),3645006.48,2026-02-26,Licitatie deschisa,BEPA CONSTRUCTII CIVILE,27019056,2
achizitie-directa-2026-278679,Servicii de elaborare de studii (Rev.2),200000.0,2026-02-27,,PANORAMIC CONCEPT CONS,37655409,1
achizitie-directa-2026-282383,Servicii de evacuare a apelor reziduale (Rev.2),300.0,2026-02-27,,Eco Public,19123039,1
contract-2026-168285,Amenajare si intretinere de spatii verzi (Rev.2),1153895.72,2026-02-27,Licitatie deschisa,DAV  GARDEN & SERVICE,28167751,2
achizitie-directa-2026-297132,Servicii de brokeraj de asigurari (Rev.2),6300.11,2026-03-03,,ZBK BALKAN S.A. BULGARIA SUCURSALA ROMANIA,35779982,1
achizitie-directa-2026-299822,Piatra de cariera si concasata (Rev.2),268800.0,2026-03-03,,GEMCO TRADE,31335227,1
achizitie-directa-2026-300756,Pneuri pentru autovehicule (Rev.2),3350.0,2026-03-03,,KSA ROAD SERVICES,35253022,1
achizitie-directa-2026-315250,Alte materiale de constructii diverse (Rev.2),189000.0,2026-03-05,,GENERAL UTIL CONS,34772064,1
achizitie-directa-2026-315811,Diverse articole (Rev.2),628.28,2026-03-05,,DEDEMAN S.R.L.,2816464,1
achizitie-directa-2026-331957,Piese pentru utilaje de exploatare miniera si in cariera si piese pentru masini ,1524.0,2026-03-09,,AROX EQUIPMENT SRL,23646540,1
achizitie-directa-2026-337092,Servicii de cadastru (Rev.2),270000.0,2026-03-10,,Constopograf Expert,25145252,1
achizitie-directa-2026-339572,Filtre de benzina (Rev.2),1233.05,2026-03-10,,TURBOTOP,22627540,1
achizitie-directa-2026-339662,Servicii de reparare si intretinere (Rev.2),3050.0,2026-03-10,,GDM Repair,47094311,1
achizitie-directa-2026-344952,Diverse echipamente de protectie impotriva incendiilor (Rev.2),15172.0,2026-03-10,,SARMIS COLUMNA FIRE,34748449,1
achizitie-directa-2026-345061,Servicii de proiectare specializata (Rev.2),15000.0,2026-03-10,,SC EXPERT DESIGN CONSULTING SRL,28034690,1
achizitie-directa-2026-355882,Servicii de topografie (Rev.2),270000.0,2026-03-12,,Constopograf Expert,25145252,1
achizitie-directa-2026-364805,Servicii de gestionare informatica (Rev.2),72000.0,2026-03-13,,EUROHOSTING,18545256,1
achizitie-directa-2026-364929,Felicitari (Rev.2),13300.0,2026-03-13,,INDOOR MEDIA GROUP,18436062,1
achizitie-directa-2026-367309,Echipament de incalzire centrala (Rev.2),53600.0,2026-03-13,,A-Z INSTAL GAZ,33311747,1
achizitie-directa-2026-375688,Servicii de proiectare tehnica pentru infrastructura de transport (Rev.2),20000.0,2026-03-16,,RALEX PROIECT CONSTRUCT,29101593,1
achizitie-directa-2026-381657,Servicii de intretinere a automobilelor (Rev.2),2426.63,2026-03-17,,AUTO MARCU'S GRUP SA,86,1
achizitie-directa-2026-384386,Servicii de arpentaj cadastral (Rev.2),270000.0,2026-03-17,,Constopograf Expert,25145252,1
achizitie-directa-2026-393692,Produse de curatenie (Rev.2),4005.0,2026-03-18,,KSA ROAD SERVICES,35253022,1
achizitie-directa-2026-397609,Servicii de curatare a canalelor de ape reziduale (Rev.2),268800.0,2026-03-19,,BETIRA CONSTRUCT,30520358,1
achizitie-directa-2026-400123,Diverse servicii de intretinere si de reparare (Rev.2),9694.5,2026-03-19,,SUBANSAMBLE AUTO S.A.,9938485,1
achizitie-directa-2026-404065,Lucrari de reparare a drumurilor (Rev.2),880411.88,2026-03-19,,MIDAS ROAD S.R.L.,47338351,1
achizitie-directa-2026-407973,Lucrari de reparare a spatiilor de recreere (Rev.2),15039.0,2026-03-20,,NICOLAS CONSTRUCT,24651529,1
achizitie-directa-2026-411480,Servicii de brokeraj de asigurari (Rev.2),432.0,2026-03-20,,ZBK BALKAN S.A. BULGARIA SUCURSALA ROMANIA,35779982,1
achizitie-directa-2026-414904,Cartuse de toner (Rev.2),2302.08,2026-03-23,,ROMSYSTEMS,15437993,1
achizitie-directa-2026-416725,Servicii de inspectie si testare tehnica (Rev.2),210.0,2026-03-23,,CARDEEMS,31074679,1
achizitie-directa-2026-428883,Piese si accesorii pentru fotocopiatoare (Rev.2),633.0,2026-03-24,,SMART CHOICE S.R.L.,17491492,1
achizitie-directa-2026-434178,Studiu de fezabilitate (Rev.2),269000.0,2026-03-25,,RALEX PROIECT CONSTRUCT,29101593,1
achizitie-directa-2026-436868,Servicii de certificare a semnaturii electronice (Rev.2),12880.0,2026-03-25,,CENTRUL DE CALCUL,2163993,1
achizitie-directa-2026-438121,Servicii de telecomunicatii (Rev.2),69120.0,2026-03-25,,PAN-NET,18675647,1
achizitie-directa-2026-438191,Acumulatori electrici (Rev.2),600.0,2026-03-25,,KSA ROAD SERVICES,35253022,1
achizitie-directa-2026-446978,Servicii de proiectare tehnica pentru infrastructura de transport (Rev.2),25000.0,2026-03-26,,RHEEA CONSTRUCTION S.R.L.,47379122,1
achizitie-directa-2026-464726,Servicii de reparare si de intretinere a autovehiculelor si a echipamentelor con,920.0,2026-03-30,,KSA ROAD SERVICES,35253022,1
achizitie-directa-2026-121872103,Pachete software de gestionare a investitiilor (Rev.2),2300.0,2026-04-01,,INTERSOFT START SOLUTIONS SRL,33322231,1
achizitie-directa-2026-121886413,Servicii de cartografie aeriana (Rev.2),270000.0,2026-04-03,,Constopograf Expert,25145252,1
achizitie-directa-2026-121895298,Servicii de certificare a semnaturii electronice (Rev.2),920.0,2026-04-06,,CENTRUL DE CALCUL,2163993,1
achizitie-directa-2026-121903919,Produse de curatat pentru automobile (Rev.2),450.0,2026-04-07,,KSA ROAD SERVICES,35253022,1
achizitie-directa-2026-121906132,Studiu de fezabilitate (Rev.2),270000.0,2026-04-08,,UNITH2B,31279763,1
achizitie-directa-2026-121911765,Produse de curatenie (Rev.2),4444.0,2026-04-08,,KSA ROAD SERVICES,35253022,1
achizitie-directa-2026-121914844,Studiu de fezabilitate (Rev.2),120000.0,2026-04-09,,UNITH2B,31279763,1
achizitie-directa-2026-121921888,Servicii de expertiza (Rev.2),15000.0,2026-04-14,,CONSULTING PROAMA,50874732,1
achizitie-directa-2026-121928775,Piese si accesorii pentru vehicule si pentru motoare de vehicule (Rev.2),4990.0,2026-04-15,,TEHNICAT SERVICE,48766364,1
achizitie-directa-2026-121935446,Servicii de inspectie si testare tehnica (Rev.2),210.0,2026-04-16,,CARDEEMS,31074679,1
achizitie-directa-2026-121936384,Servicii de reparare si de intretinere a automobilelor (Rev.2),2278.45,2026-04-16,,GI EUROSERVICE,19166285,1
achizitie-directa-2026-121936512,Servicii de reparare si de intretinere a automobilelor (Rev.2),1035.85,2026-04-16,,GI EUROSERVICE,19166285,1
achizitie-directa-2026-121946831,Servicii de reparare si de intretinere a automobilelor (Rev.2),6674.91,2026-04-17,,GI EUROSERVICE,19166285,1
achizitie-directa-2026-121947722,Uleiuri pentru motoare (Rev.2),2280.82,2026-04-17,,TURBOTOP,22627540,1
achizitie-directa-2026-121951335,Servicii de transport rutier specializat de pasageri (Rev.2),102000.0,2026-04-20,,LUCA F BOGDAN,39256277,1
achizitie-directa-2026-121961609,Servicii de reparare si de intretinere a automobilelor (Rev.2),1274.37,2026-04-20,,EURIAL INVEST,5919480,1
achizitie-directa-2026-121962490,Servicii de reparare si de intretinere a autovehiculelor si a echipamentelor con,2491.0,2026-04-21,,KSA ROAD SERVICES,35253022,1
achizitie-directa-2026-121969108,Lucrari de vopsire (Rev.2),102659.6,2026-04-21,,RAMERA MENTENANTA,53369700,1
achizitie-directa-2026-121970590,Lucrari de reparatie si de intretinere a complexelor sportive (Rev.2),17138.47,2026-04-21,,ADLO PROCARS SRL,29496361,1
achizitie-directa-2026-121973595,"Studii de fezabilitate, servicii de consultanta, analize (Rev.2)",95000.0,2026-04-22,,TEHNO CONSULTING SOLUTION,16667478,1
achizitie-directa-2026-122007485,Servicii de intretinere a automobilelor (Rev.2),2144.21,2026-04-27,,AUTO MARCU'S GRUP SA,86,1
achizitie-directa-2026-122019694,"Articole imprimate de papetarie, cu exceptia formularelor (Rev.2)",1912.5,2026-04-28,,KLEMA DISTRIBUTIE SI COMERT,50420248,1
achizitie-directa-2026-122028594,Servicii de reparare si intretinere (Rev.2),6386.74,2026-04-29,,TEHNICAT SERVICE,48766364,1
achizitie-directa-2026-122032483,Servicii de reparare si de intretinere a autovehiculelor si a echipamentelor con,3426.0,2026-04-29,,KSA ROAD SERVICES,35253022,1
achizitie-directa-2026-122032896,Servicii de brokeraj de asigurari (Rev.2),13852.92,2026-04-29,,ZBK BALKAN S.A. BULGARIA SUCURSALA ROMANIA,35779982,1
achizitie-directa-2026-122040352,Lucrari de montaj (Rev.2),26496.0,2026-04-29,,NICOLAS CONSTRUCT,24651529,1
achizitie-directa-2026-122049569,Lucrari de marcaj rutier (Rev.2),199919.12,2026-04-30,,ANDUNA SERVIMOB,9666682,1
achizitie-directa-2026-122068363,Placute indicatoare (Rev.2),3600.0,2026-05-05,,DV PROD MEDIA,15143068,1
achizitie-directa-2026-122076478,Consultanta in afaceri si in management si servicii conexe (Rev.2),75000.0,2026-05-05,,FLEXABILITY MANAGEMENT,19179498,1
achizitie-directa-2026-122077163,Produse de curatenie (Rev.2),2252.0,2026-05-05,,KSA ROAD SERVICES,35253022,1
achizitie-directa-2026-122077963,Servicii de reparare si de intretinere a autovehiculelor si a echipamentelor con,2215.0,2026-05-05,,KSA ROAD SERVICES,35253022,1
achizitie-directa-2026-122079841,Servicii de reparare si intretinere (Rev.2),135000.0,2026-05-06,,ADLO PROCARS SRL,29496361,1
achizitie-directa-2026-122079937,Piese si accesorii pentru vehicule si pentru motoare de vehicule (Rev.2),4340.0,2026-05-06,,KSA ROAD SERVICES,35253022,1
achizitie-directa-2026-122079974,Servicii de reparare si de intretinere a autovehiculelor si a echipamentelor con,660.0,2026-05-06,,KSA ROAD SERVICES,35253022,1
achizitie-directa-2026-122081054,Consultanta in afaceri si in management si servicii conexe (Rev.2),75000.0,2026-05-06,,FLEXABILITY MANAGEMENT,19179498,1
achizitie-directa-2026-122090847,Servicii de reparare si de intretinere a vehiculelor si a echipamentelor aferent,9085.55,2026-05-06,,TITAN MACHINERY ROMANIA,29352595,1
achizitie-directa-2026-122093852,Indicatoare rutiere (Rev.2),23550.0,2026-05-07,,DV PROD MEDIA,15143068,1
achizitie-directa-2026-122095217,Servicii de arhivare computerizata (Rev.2),130000.0,2026-05-07,,PRO ARHIVE MANAGEMENT,35666380,1
achizitie-directa-2026-122100896,Servicii generale de consultanta in management (Rev.2),33000.0,2026-05-07,,RICON CONSULTING S.R.L.,23246919,1
achizitie-directa-2026-122111353,Servicii de reparare si de intretinere a grupurilor de refrigerare (Rev.2),100000.0,2026-05-08,,ADLO PROCARS SRL,29496361,1
achizitie-directa-2026-122114558,Servicii de consultanta in domeniul achizitiilor (Rev.2),140000.0,2026-05-11,,PERCONS EU,25535239,1
achizitie-directa-2026-122120079,Uleiuri pentru motoare (Rev.2),778.35,2026-05-11,,TURBOTOP,22627540,1
achizitie-directa-2026-122124268,Aparate de inregistrare sau de redare video (Rev.2),9080.0,2026-05-11,,PAN-NET,18675647,1
achizitie-directa-2026-122137300,Aditivi chimici (Rev.2),845.0,2026-05-12,,TURBOTOP,22627540,1
achizitie-directa-2026-122151469,Cartuse de toner (Rev.2),2450.52,2026-05-13,,DNS BIROTICA,16310679,1
achizitie-directa-2026-122165354,Diverse articole (Rev.2),968.31,2026-05-15,,DEDEMAN S.R.L.,2816464,1
achizitie-directa-2026-122165609,Servicii de consultanta financiara (Rev.2),165000.0,2026-05-15,,FINANCE PUBLIC CONSULTING,47236831,1
achizitie-directa-2026-122165912,Pneuri pentru autovehicule (Rev.2),5155.08,2026-05-15,,GI EUROSERVICE,19166285,1
achizitie-directa-2026-122187988,Servicii de cercetare sociala (Rev.2),68000.0,2026-05-19,,CULT MARKET RESEARCH S.R.L.,24594008,1
achizitie-directa-2026-122188239,Servicii prestate de medici specialisti (Rev.2),1600.0,2026-05-19,,DECAS MEDICAL,53376015,1
achizitie-directa-2026-122189642,Servicii de cercetare sociala (Rev.2),68000.0,2026-05-19,,CULT MARKET RESEARCH S.R.L.,24594008,1
achizitie-directa-2026-122201560,Servicii de reparare si de intretinere a autovehiculelor si a echipamentelor con,3272.0,2026-05-20,,KSA ROAD SERVICES,35253022,1
achizitie-directa-2026-122211403,Servicii de reparare si de intretinere a automobilelor (Rev.2),1685.41,2026-05-20,,GI EUROSERVICE,19166285,1
achizitie-directa-2026-122213288,Servicii de reparare si intretinere (Rev.2),12764.0,2026-05-21,,TEHNICAT SERVICE,48766364,1
achizitie-directa-2026-122222935,Servicii de intretinere a automobilelor (Rev.2),5326.45,2026-05-21,,AUTO MARCU'S GRUP SA,86,1
achizitie-directa-2026-122236821,"Studii de fezabilitate, servicii de consultanta, analize (Rev.2)",265000.0,2026-05-25,,PANORAMIC CONCEPT CONS,37655409,1
achizitie-directa-2026-122244411,Servicii de actualizare informatica (Rev.2),54000.0,2026-05-25,,INDOOR MEDIA GROUP,18436062,1
achizitie-directa-2026-122248673,Servicii de intretinere a automobilelor (Rev.2),777.16,2026-05-26,,AUTO MARCU'S GRUP SA,86,1
achizitie-directa-2026-122251874,Servicii de internet (Rev.2),16680.0,2026-05-26,,PAN-NET,18675647,1
achizitie-directa-2026-122252563,Servicii de reparare si de intretinere a echipamentului de securitate (Rev.2),43465.04,2026-05-26,,Quick Service,4998931,1
achizitie-directa-2026-122267505,Servicii de intretinere a automobilelor (Rev.2),592.52,2026-05-27,,AUTO MARCU'S GRUP SA,86,1
achizitie-directa-2026-122273999,Servicii de auditare financiara (Rev.2),50000.0,2026-05-28,,GHE STUBEANU 2000 SRL,12780287,1
achizitie-directa-2026-122276215,Servicii de proiectare a conductelor (Rev.2),26000.0,2026-05-28,,A-Z INSTAL GAZ,33311747,1
achizitie-directa-2026-122283601,Servicii de intretinere a automobilelor (Rev.2),5532.32,2026-05-28,,AUTO MARCU'S GRUP SA,86,1
achizitie-directa-2026-122311809,Servicii de asistenta pentru software (Rev.2),6240.0,2026-06-03,,GRUP SOFT,4236838,1
achizitie-directa-2026-122312895,Servicii de proiectare a conductelor (Rev.2),26000.0,2026-06-03,,A-Z INSTAL GAZ,33311747,1
achizitie-directa-2026-122317492,Containere si pubele de deseuri (Rev.2),25000.0,2026-06-03,,NICOLAS CONSTRUCT,24651529,1
achizitie-directa-2026-122320247,Autovehicule pentru transportul a mai putin de 10 persoane (Rev.2),6578.92,2026-06-03,,ONEDIA CAR SERVICE,28521297,1
achizitie-directa-2026-122323550,Lucrari de reparatii generale si de renovare (Rev.2),100932.7,2026-06-04,,ADLO PROCARS SRL,29496361,1
achizitie-directa-2026-122326124,"Studii de fezabilitate, servicii de consultanta, analize (Rev.2)",270000.0,2026-06-04,,UNITH2B,31279763,1
achizitie-directa-2026-122326317,Uniforme de politie (Rev.2),822.31,2026-06-04,,TACTICA OUTDOOR,34994508,1
achizitie-directa-2026-122337873,Consultanta in afaceri si in management si servicii conexe (Rev.2),75000.0,2026-06-05,,FLEXABILITY MANAGEMENT,19179498,1
achizitie-directa-2026-122339457,Echipament rutier (Rev.2),42844.84,2026-06-05,,AXICO GRUP,24385699,1
achizitie-directa-2026-122344071,Produse de curatenie (Rev.2),3410.0,2026-06-08,,KSA ROAD SERVICES,35253022,1
achizitie-directa-2026-122371085,Servicii de asistenta si de consultanta informatica (Rev.2),109200.0,2026-06-10,,INTEGRISOFT SOLUTIONS,12448483,1
achizitie-directa-2026-122373247,Servicii de reparare si de intretinere a pompelor (Rev.2),12800.0,2026-06-10,,ADLO PROCARS SRL,29496361,1
achizitie-directa-2026-122390021,Ziare (Rev.2),108000.0,2026-06-11,,Prestige Events,26120590,1
achizitie-directa-2026-122392109,Limitatoare de viteza (Rev.2),45300.0,2026-06-11,,COMINDFLEX,1393676,1
achizitie-directa-2026-122394489,"Pietris, nisip, piatra concasata si agregate (Rev.2)",269960.0,2026-06-12,,GEMCO TRADE,31335227,1
achizitie-directa-2026-122416352,Diverse articole (Rev.2),2445.82,2026-06-16,,DEDEMAN S.R.L.,2816464,1
achizitie-directa-2026-122417104,Servicii de reparare si de intretinere a pompelor (Rev.2),8595.0,2026-06-16,,CEFAIN CONSTRUCT SRL,24721160,1
achizitie-directa-2026-122425441,Diverse servicii de intretinere si de reparare (Rev.2),2970.0,2026-06-16,,DAF INTERNATIONAL PROFESSIONAL S.R.L.,45501605,1
achizitie-directa-2026-122426440,Uniforme de politie (Rev.2),657.02,2026-06-16,,TACTICA OUTDOOR,34994508,1
achizitie-directa-2026-122433338,"Servicii de reparare a pneurilor, inclusiv montare si echilibrare (Rev.2)",3050.0,2026-06-17,,LUKA NIKAT UTILAJE,36689322,1
achizitie-directa-2026-122457611,Diverse piese de schimb (Rev.2),2695.0,2026-06-22,,GRADINARIU IMPORT EXPORT,5348490,1
achizitie-directa-2026-122461199,Cartuse de toner (Rev.2),1848.8,2026-06-22,,PRO DATA INTERNATIONAL,8852717,1
achizitie-directa-2026-122462199,Instalatii de climatizare (Rev.2),7860.0,2026-06-22,,CLIMTEH S.R.L.,7742,1
achizitie-directa-2026-122464311,Cartuse de toner (Rev.2),112.55,2026-06-22,,DANTE INTERNATIONAL S.A.,14399840,1
achizitie-directa-2026-122465291,Servicii de certificare a semnaturii electronice (Rev.2),230.0,2026-06-22,,CENTRUL DE CALCUL,2163993,1
achizitie-directa-2026-122469645,Feronerie (Rev.2),3090.0,2026-06-23,,BEDRI CONSTRUCT INVEST,37154246,1
achizitie-directa-2026-122472825,Servicii de reparare si intretinere (Rev.2),1380.17,2026-06-23,,GDM Repair,47094311,1
achizitie-directa-2026-122492385,Materiale publicitare (Rev.2),1000.0,2026-06-25,,INDOOR MEDIA GROUP,18436062,1
achizitie-directa-2026-122493813,Diverse piese de schimb (Rev.2),2140.0,2026-06-25,,GRADINARIU IMPORT EXPORT,5348490,1
achizitie-directa-2026-122494938,Registre (Rev.2),2920.0,2026-06-25,,BIROTICIENII S.R.L.,33911008,1
achizitie-directa-2026-122495825,"Prelate, copertine si storuri (Rev.2)",576.86,2026-06-25,,DEDEMAN S.R.L.,2816464,1
achizitie-directa-2026-122498932,Diverse articole (Rev.2),162.13,2026-06-26,,DEDEMAN S.R.L.,2816464,1
achizitie-directa-2026-122500471,"Studii de fezabilitate, servicii de consultanta, analize (Rev.2)",255000.0,2026-06-26,,EUCONS BIZ,35862319,1
achizitie-directa-2026-122503636,"Studii de fezabilitate, servicii de consultanta, analize (Rev.2)",255000.0,2026-06-26,,EUCONS BIZ,35862319,1
achizitie-directa-2026-122523974,Servicii de reparare si de intretinere a automobilelor (Rev.2),4575.75,2026-06-30,,GI EUROSERVICE,19166285,1
achizitie-directa-2026-122532973,Diverse piese de schimb (Rev.2),685.0,2026-07-01,,GRADINARIU IMPORT EXPORT,5348490,1
achizitie-directa-2026-122535658,Diverse articole (Rev.2),1249.6,2026-07-01,,DEDEMAN S.R.L.,2816464,1
achizitie-directa-2026-122539185,Servicii de reparare si de intretinere a vehiculelor si a echipamentelor aferent,59250.13,2026-07-02,,TITAN MACHINERY ROMANIA,29352595,1
achizitie-directa-2026-122558438,Servicii de cercetare sociala (Rev.2),68000.0,2026-07-06,,CULT MARKET RESEARCH S.R.L.,24594008,1
achizitie-directa-2026-122565568,Aditivi chimici (Rev.2),845.0,2026-07-07,,TURBOTOP,22627540,1
achizitie-directa-2026-122569283,Produse de curatenie (Rev.2),3430.0,2026-07-07,,KSA ROAD SERVICES,35253022,1
achizitie-directa-2026-122598978,Servicii de spalare a automobilelor si servicii similare (Rev.2),248400.0,2026-07-10,,FAST NEW PRINT SERVICES S.R.L.,43154577,1
achizitie-directa-2026-122601547,Echipament rutier (Rev.2),1793.0,2026-07-13,,AXICO GRUP,24385699,1
achizitie-directa-2026-122602410,Rafturi mobile (Rev.2),480.0,2026-07-13,,KSA ROAD SERVICES,35253022,1
achizitie-directa-2026-122603584,Servicii de reparare si de intretinere a automobilelor (Rev.2),2710.4,2026-07-13,,GI EUROSERVICE,19166285,1
achizitie-directa-2026-122619037,Uniforme de politie (Rev.2),27623.14,2026-07-14,,TACTICA OUTDOOR,34994508,1
achizitie-directa-2026-122638962,Sisteme de control al accesului (Rev.2),2484.0,2026-07-17,,PAN-NET,18675647,1
achizitie-directa-2026-122640654,Filtre de aspiratie a aerului (Rev.2),344.67,2026-07-17,,TURBOTOP,22627540,1
achizitie-directa-2026-122642910,Diverse articole (Rev.2),580.98,2026-07-17,,DEDEMAN S.R.L.,2816464,1
achizitie-directa-2026-122644398,Aparate de semnalizare acustica sau optica (Rev.2),4500.0,2026-07-17,,FLASHALARM ELECTRIC,18837943,1
achizitie-directa-2026-122654523,Calculatoare de birou (Rev.2),872.48,2026-07-21,,DIABLOS GROUP IT,31021267,1
achizitie-directa-2026-122658670,Servicii de reparare si de intretinere a pompelor (Rev.2),27515.0,2026-07-21,,CEFAIN CONSTRUCT SRL,24721160,1
achizitie-directa-2026-122668171,Servicii de reparare si de intretinere a autovehiculelor si a echipamentelor con,3050.0,2026-07-22,,BET AUTO SERVICE FUNDENI,27987613,1
achizitie-directa-2026-122668495,Servicii de tiparire si de livrare (Rev.2),0.01,2026-07-22,,PLUXEE ROMANIA,11071295,1
achizitie-directa-2026-122674252,Cartuse de cerneala (Rev.2),3850.0,2026-07-23,,MEDA CONSULT,15730038,1
achizitie-directa-2026-122675560,Sistem video de supraveghere (Rev.2),628.0,2026-07-23,,PAN-NET,18675647,1
achizitie-directa-2026-122677126,Servicii de reparare si de intretinere a automobilelor (Rev.2),3124.46,2026-07-23,,GI EUROSERVICE,19166285,1
achizitie-directa-2026-122678309,Leagane (Rev.2),7500.0,2026-07-23,,SC CITY PARK SRL,33945345,1
achizitie-directa-2026-122694832,Servicii de brokeraj de asigurari (Rev.2),2078.97,2026-07-27,,ZBK BALKAN S.A. BULGARIA SUCURSALA ROMANIA,35779982,1
achizitie-directa-2026-122708811,Servicii de amenajare peisagistica (Rev.2),45000.0,2026-07-29,,UNITH2B,31279763,1
achizitie-directa-2026-122712905,Lucrari de constructii de statii de pompare a apelor reziduale (Rev.2),363380.0,2026-07-30,,CLAR VISION CONSULTING,46710731,1
achizitie-directa-2026-122715552,Diverse articole (Rev.2),5278.55,2026-07-30,,DEDEMAN S.R.L.,2816464,1
achizitie-directa-2026-122721926,Cartuse de toner (Rev.2),2163.66,2026-07-31,,ROMSYSTEMS,15437993,1
achizitie-directa-2026-122729905,Servicii de proiectare tehnica pentru constructia de lucrari publice (Rev.2),120000.0,2026-08-03,,RALEX PROIECT CONSTRUCT,29101593,1
achizitie-directa-2026-122730348,Servicii de proiectare tehnica pentru constructia de lucrari publice (Rev.2),230000.0,2026-08-03,,MASTER SOLUTIONS TEAM,32099000,1
achizitie-directa-2026-122731246,Servicii de proiectare tehnica pentru constructia de lucrari publice (Rev.2),260000.0,2026-08-03,,TEHNO CONSULTING SOLUTION,16667478,1
achizitie-directa-2026-122740942,Diverse articole (Rev.2),247.11,2026-08-04,,DEDEMAN S.R.L.,2816464,1
achizitie-directa-2026-122741487,Articole de papetarie si alte articole din hartie (Rev.2),50000.0,2026-08-04,,GIORGIO 67 SERVICE S.R.L.,5539104,1
achizitie-directa-2026-122744702,Servicii de inspectie si testare tehnica (Rev.2),500.0,2026-08-05,,CARDEEMS,31074679,1
achizitie-directa-2026-122759048,Diverse scule de mana (Rev.2),546.8,2026-08-06,,Stefanclayt,2783308,1
achizitie-directa-2026-122773770,Produse de curatenie (Rev.2),7002.0,2026-08-10,,KSA ROAD SERVICES,35253022,1
achizitie-directa-2026-122775877,Agregate (Rev.2),268800.0,2026-08-10,,GENERAL UTIL CONS,34772064,1
contract-2026-1079609900,Mobilier scolar (Rev.2),686396.57,2026-08-10,Licitatie deschisa,Mebelissimo,41213669,2
achizitie-directa-2026-122778234,Servicii de reparare si de intretinere a echipamentului video (Rev.2),122400.0,2026-08-11,,PAN-NET,18675647,1
achizitie-directa-2026-122795033,Servicii de analiza sau consultanta tehnica (Rev.2),121000.0,2026-08-13,,PERCONS EU,25535239,1
achizitie-directa-2026-122795795,Servicii de dezinfectie si de dezinsectie (Rev.2),2300.0,2026-08-13,,VLAD RADCOM,7506146,1
achizitie-directa-2026-122803981,Diverse scule de mana (Rev.2),735.76,2026-08-14,,Stefanclayt,2783308,1
achizitie-directa-2026-122811487,Servicii de reparare si de intretinere a echipamentului de stingere a incendiilo,38880.0,2026-08-17,,PROTECT FIRE CONSULTING,31145826,1
achizitie-directa-2026-122811571,Servicii de consultanta in protectia contra incendiilor si a exploziilor si in c,70200.0,2026-08-17,,PROTECT FIRE CONSULTING,31145826,1
achizitie-directa-2026-122817281,Diverse articole (Rev.2),1020.61,2026-08-18,,DEDEMAN S.R.L.,2816464,1
achizitie-directa-2026-122819819,Bolturi si suruburi (Rev.2),139.56,2026-08-18,,TURBOTOP,22627540,1
achizitie-directa-2026-122823719,Vaselina (Rev.2),3523.4,2026-08-18,,TURBOTOP,22627540,1
achizitie-directa-2026-122824928,Produse de curatat pentru automobile (Rev.2),420.0,2026-08-19,,KSA ROAD SERVICES,35253022,1
achizitie-directa-2026-122827446,Lucrari de instalatii de apa si canalizare si de conducte de evacuare (Rev.2),87500.0,2026-08-19,,BETIRA CONSTRUCT,30520358,1
achizitie-directa-2026-122827509,Lucrari de instalatii de apa si canalizare si de conducte de evacuare (Rev.2),37800.0,2026-08-19,,BETIRA CONSTRUCT,30520358,1
achizitie-directa-2026-122827742,Cartuse de toner (Rev.2),2163.66,2026-08-19,,ROMSYSTEMS,15437993,1
achizitie-directa-2026-122831358,Servicii de reparare si de intretinere a vehiculelor si a echipamentelor aferent,21078.93,2026-08-19,,TITAN MACHINERY ROMANIA,29352595,1
achizitie-directa-2026-122833728,Rafturi mobile (Rev.2),2445.0,2026-08-20,,KSA ROAD SERVICES,35253022,1
achizitie-directa-2026-122840340,Servicii de reparare si de intretinere a grupurilor de refrigerare (Rev.2),466.94,2026-08-20,,ONEDIA CAR SERVICE,28521297,1
achizitie-directa-2026-122840587,Diverse piese de schimb (Rev.2),2508.0,2026-08-20,,GRADINARIU IMPORT EXPORT,5348490,1
achizitie-directa-2026-122852810,Servicii de inspectie si testare tehnica (Rev.2),23100.0,2026-08-24,,SC HEAT INSTAL SRL,23862510,1
achizitie-directa-2026-122854123,Lucrari de reparatii generale si de renovare (Rev.2),95490.52,2026-08-24,,ADLO PROCARS SRL,29496361,1
achizitie-directa-2026-122920565,Stalp de steag (Rev.2),75000.0,2026-09-03,,NICOLAS CONSTRUCT,24651529,1
achizitie-directa-2026-122926610,Servicii de amenajare peisagistica (Rev.2),50000.0,2026-09-03,,UNITH2B,31279763,1
achizitie-directa-2026-122926715,Servicii de consultanta in ingineria mediului (Rev.2),15000.0,2026-09-03,,UNITH2B,31279763,1
achizitie-directa-2026-122935158,Servicii de intretinere a automobilelor (Rev.2),3113.67,2026-09-04,,AUTO MARCU'S GRUP SA,86,1
achizitie-directa-2026-122939879,Servicii de reparare si de intretinere a automobilelor (Rev.2),445.04,2026-09-07,,GI EUROSERVICE,19166285,1
achizitie-directa-2026-122942475,Tobogane pentru terenuri de joaca (Rev.2),950.0,2026-09-07,,SC CITY PARK SRL,33945345,1
achizitie-directa-2026-122942902,Servicii de medicina muncii (Rev.2),35380.0,2026-09-07,,BELLE VIE MEDICAL SRL,30722900,1
achizitie-directa-2026-122955718,Truse de prim ajutor (Rev.2),1860.0,2026-09-08,,KSA ROAD SERVICES,35253022,1
achizitie-directa-2026-122956194,"Roti, piese si accesorii (Rev.2)",12399.77,2026-09-08,,MIT MOTORS INTERNATIONAL,10751714,1
achizitie-directa-2026-122957839,Cartuse de toner (Rev.2),412.36,2026-09-08,,MEDIATEC TEAM,16217627,1
achizitie-directa-2026-122968156,Aparate de reincarcare (Rev.2),75101.62,2026-09-09,,GEROM INTERNATIONAL PRODIMEX S.R.L.,4695288,1
achizitie-directa-2026-122969134,Servicii de reparare si de intretinere a cutiilor de transmisie ale locomotivelo,1178.51,2026-09-09,,AUTO MARCU'S GRUP SA,86,1
achizitie-directa-2026-122970969,Servicii de ambulanta (Rev.2),5400.0,2026-09-10,,ARON MEDICAL,36507889,1
achizitie-directa-2026-122970979,Servicii de evacuare a apelor reziduale (Rev.2),5100.0,2026-09-10,,Eco Public,19123039,1
achizitie-directa-2026-123004819,Servicii generale de consultanta in management (Rev.2),265000.0,2026-09-15,,FINANCE PUBLIC CONSULTING,47236831,1
achizitie-directa-2026-123011563,Servicii de instalare de echipament de distributie a energiei electrice (Rev.2),2000.0,2026-09-15,,ELECTROCONS GROUP PROIECT INT'L,15475580,1
achizitie-directa-2026-123027712,Servicii de inspectie si testare tehnica (Rev.2),250.0,2026-09-17,,CARDEEMS,31074679,1
contract-2026-1081058580,Lucrari de constructii de complexe sportive (Rev.2),2207777.77,2026-09-22,Procedura simplificata,SEMA EXPERT BUILDINGS,37982648,1
contract-2026-1081058581,Lucrari de constructii de complexe sportive (Rev.2),2207777.77,2026-09-22,Procedura simplificata,SPECTRUM DESIGN & CONSTRUCTION,48823079,1
achizitie-directa-2026-123071160,Diverse articole (Rev.2),1102.43,2026-09-23,,DEDEMAN S.R.L.,2816464,1
achizitie-directa-2026-123077626,Servicii de proiectare tehnica pentru constructia de lucrari publice (Rev.2),100000.0,2026-09-23,,TEHNO CONSULTING SOLUTION,16667478,1
achizitie-directa-2026-123077787,"Studii de fezabilitate, servicii de consultanta, analize (Rev.2)",110000.0,2026-09-23,,MASTER SOLUTIONS TEAM,32099000,1
achizitie-directa-2026-123104121,Produse de curatenie (Rev.2),4404.0,2026-09-28,,KSA ROAD SERVICES,35253022,1
achizitie-directa-2026-123105932,Servicii de consultanta in domeniul achizitiilor (Rev.2),235000.0,2026-09-28,,FINANCE PUBLIC CONSULTING,47236831,1
achizitie-directa-2026-123111276,Cartuse de toner (Rev.2),500.0,2026-09-28,,Ecolaser Trading,42968712,1
achizitie-directa-2026-123112694,Filtre de benzina (Rev.2),251.1,2026-09-28,,TURBOTOP,22627540,1
achizitie-directa-2026-123115175,Feronerie (Rev.2),67.88,2026-09-29,,DEDEMAN S.R.L.,2816464,1
achizitie-directa-2026-123118311,Servicii de reparare si de intretinere a cutiilor de transmisie ale locomotivelo,789.33,2026-09-29,,AUTO MARCU'S GRUP SA,86,1
achizitie-directa-2026-123129268,Steaguri (Rev.2),19500.0,2026-09-30,,FABRICA DE STEAGURI,15271849,1
achizitie-directa-2026-123135654,Servicii de formare profesionala (Rev.2),48000.0,2026-09-30,,FLEXABILITY MANAGEMENT,19179498,1
achizitie-directa-2026-123135684,Servicii de proiectare a sistemelor de energie electrica (Rev.2),200000.0,2026-09-30,,GREEN DEVELOPMENT SOLUTIONS AND MANAGEMENT S.R.L.,28072147,1
achizitie-directa-2026-123144127,Servicii de consultanta in protectia contra riscurilor si in controlul riscurilo,110500.0,2026-10-01,,FOCUS RISK S.R.L.,42708003,1
achizitie-directa-2026-123145754,Indicatoare rutiere (Rev.2),3842.0,2026-10-01,,ATTO REGAL,11228633,1
achizitie-directa-2026-123148810,Servicii de consultanta financiara (Rev.2),105000.0,2026-10-02,,FINANCE PUBLIC CONSULTING,47236831,1
achizitie-directa-2026-123149314,Servicii generale de consultanta in management (Rev.2),100000.0,2026-10-02,,A-FORTIORI FINANCE,34984059,1
achizitie-directa-2026-123171005,Servicii de proiectare a conductelor (Rev.2),100000.0,2026-10-06,,TOTAL WATER DESIGN,36751076,1
achizitie-directa-2026-123175263,Registre (Rev.2),830.0,2026-10-06,,BIROTICIENII S.R.L.,33911008,1
